Workbook

Sheet 한눈에 보기
A1: 세이브타임 한눈에 보기 — 환자 한 명이 병원에 도착하기까지
A2: 처음 보는 팀원은 이 탭 → 시나리오 페이지(PM이 공유한 링크) → 03_기능요구사항에서 자기 담당 분류 순서로 보면 돼요.
A28: 8단계 요약
A29: 단계 | B29: 누가 | C29: 무엇을 | D29: 관련 요구사항
A30: 0 근무 시작 | B30: 대원 · 병원 | C30: 대원은 로그인 후 코드·QR 또는 관할 소방서 대원 목록 초대로 팀 맺기(최대 4명, 운전 1명) / 병원은 라이선스 키로 등록한 PC에서 담당자 이름 입력 후 '알림 켜기' | D30: SFR-018, 113, 159, 116, 117
A31: 1 환자 정보 입력 | B31: 처치 대원 | C31: 첫 화면에서 주 증상·성별·나이·의식·활력징후·통증·외상 입력 (측정 불가는 '확인 불가'), 운전 대원은 주행 중 입력 잠금 | D31: SFR-107, 108, 114, 115
A32: 2 병원에 요청 | B32: 대원 → 서버 | C32: 반경 안에서 알림을 켠 병원 전체에 동시 전송, 도착 예상 시간은 추정 후 길찾기로 갱신 | D32: SFR-109, 129, 012
A33: 3 병원 판단 | B33: 병원 담당자 | C33: 요청 목록 → 상세: 환자 정보 + 우리 병원 병상 + 이상 수치 빨간색 (앱은 판정 안 함) | D33: SFR-135, 118, 137
A34: 4 병원 응답 | B34: 병원 → 대원 | C34: 승인(메모)·거절(사유 7개) 즉시 전달, 첫 승인 때 대원 폰 진동, 승인 병원은 온 순서대로(가장 가까움 표시), 응답 제한 2분 · 승인 5분 유효 | D34: SFR-119, 110, 130, 127
A35: 5 병원 선택 | B35: 대원 → 서버 | C35: 승인 병원 1곳 선택 → 서버가 승인 재확인 → 확정, 나머지 병원 요청 닫고 환자 정보 열람 차단 | D35: SFR-111, 134, 125, SER-014
A36: 6 이동 | B36: 운전 대원 · 병원 | C36: 운전 폰에서 카카오 내비 자동 시작, 정보가 바뀌면 병원 웹에 강조 표시 | D36: SFR-031, 132, 105, 121
A37: 7 도착 | B37: 대원 · 병원 | C37: 응급실 입구 30m 안·저속이면 '도착 처리할까요?' 버튼 → 대원이 누름(잊으면 병원 웹 '도착 확인') → 위치 기록 익명화 + 구급활동일지 초안 | D37: SFR-038, 080, 144, 041
A38: 예비 흐름 | B38: 대원 | C38: 2분 무승인 · 전부 거절 · 유효 승인 0곳 · 5분 미선택 · 요청 대상 0곳 · 통신 두절 → 추천 5곳 → 전화 확인 → 경로 안내 | D38: SFR-112, 098, 032, 074

Sheet 00_표지
A1: 구급대원용 앱 — 요구사항분석서
A2: 세이브타임(가명) — 실시간 응급실 수용 기반 이송 지원 서비스
A4: 문서 정보
A5: 프로젝트 | B5: 세이브타임(가명) / 구급대원용 앱
A6: 문서 버전 | B6: v1.4.2
A7: 작성자 | B7: 백강욱
A8: 검토자 | B8: 최진아, 윤승언
A9: 상태 | B9: 확정 — v1.0 베이스라인 (이후 변경은 09_변경요청(CR)으로만)
A11: 버전 이력
A12: 버전 | B12: 날짜 | C12: 작성자 | D12: 변경 내용
A13: v0.9 | B13: 2026-09-26 | C13: 백강욱 | D13: 미결 15건·충돌 3건 반영, SFR 공공 SW 형식 ID로 전환, 1-6 분리, 시트로 이관
A14: v0.91 | B14: 2026-09-26 | C14: 백강욱 | D14: 신규 SFR 17건(관리자 기능 신설), 수정 23건, 중복 1건 삭제, 비기능 12건 추가, TMAP SDK 내장 확정(D-16), C-04~10 정리, 미결 D-17~19 등록
A15: v0.92 | B15: 2026-09-26 | C15: 백강욱 | D15: 계층별 점검 반영(신규 SFR 12건·비기능 14건: 이송 건 상태, 데이터 보관, 보안, 가용성 등), 개요·유스케이스 2건·우선순위표·제약사항 탭 신설, 목표 스프린트 열 추가, 구현 방법·모호어·주어 문장 정리, 문서 구조를 개요→용어→FR→NFR→제약→UC→우선순위 순으로 재배치
A16: v0.93 | B16: 2026-09-26 | C16: 백강욱 | D16: 미결 D-17(갱신 3분)·D-18(반경 20km)·D-19(이동시간 10곳) 확정, 관련 SFR·PER-003 문구 반영
A17: v0.94 | B17: 2026-09-26 | C17: 백강욱 | D17: 인수 기준 76건 작성(Must 35·Should 31·Could 10), 에러 처리 기능은 정상·예외 시나리오 함께 작성 → 인수 기준 미작성 0건
A18: v0.95 | B18: 2026-09-26 | C18: 백강욱 | D18: 06_유스케이스에 그림 3장 추가: 그림 1 유스케이스 다이어그램(전체 기능), 그림 2 UC-01 흐름도, 그림 3 UC-02 흐름도
A19: v0.96 | B19: 2026-09-26 | C19: 백강욱 | D19: 독립 검토 반영: Must 선행 10건 Must 승격·스프린트 재배치, 선행 요구사항 열, 추천 산출 순서·통신 두절 중 기록·관리자 알림 등 신규 4건, 이송 건 상태 전이표·매핑표 초안(10_부록), 결정 D-21~26, 충돌 C-12~18, 인수 기준·모호값 수정
A20: v0.97 | B20: 2026-09-26 | C20: 백강욱 | D20: 요구사항 5건 추가: 시연·테스트용 모의 모드(SFR-102), 환자 연령 구분(103), 진행 중 이송 건 1개 제한(104, Must), 이동 중 KTAS 변경(105), 관리자 통계 화면(106) / 상태 전이표 2줄 추가
A21: v0.98 | B21: 2026-09-29 | C21: 백강욱 | D21: 9/29 팀 회의 반영: 병원 요청·승인 흐름(환자 정보 첫 화면, 반경 안 동시 요청, 병원 승인·거절, 2분 제한, 대원 선택, 예비 흐름), 병원 웹·병원 계정 발급, 팀 맺기·공동 입력, KTAS 선택 입력 — 신규 SFR 20건(107~126) / 재난 지역 기능 11건 삭제, 일반인 앱 공유 백엔드 삭제 / 요구사항 분류를 한글 화면 기준으로 바꾸고 화면 ID 추가 / 유스케이스·그림·상태 전이표 새 흐름으로 교체 / 결정 D-27~42
A22: v0.99 | B22: 2026-09-29 | C22: 백강욱 | D22: 미결 결정 반영: 지도·경로 안내를 카카오로 변경(D-26, D-16 번복), 이상 수치 강조(D-38, 10_부록 E), 입력 배치 순서(D-39), 성별·나이대 추가·'확인 불가' 허용(D-40), Must 6건 Should로(D-41), 예비 추천 이동시간순(D-42)
A23: v0.100 | B23: 2026-09-29 | C23: 백강욱 | D23: 전체 검토 반영: 신규 6건(승인 유효시간·병원 승인 취소·요청용 도착 예상 시간·대원 알림·반경 넓혀 다시 요청·운전 단말 경로 안내), 미접속 병원·통신 두절 요청·팀 단위 이송·증상 미선택 게이트 규칙, 취소·수동 도착·반경·모의 모드 Must 승격, SFR-046 삭제, 고지 문구·옛 흐름 문구 정리, 상태 전이표 재작성, 결정 D-43~53 확정·D-54~55 대기
... A36: 구분 | B36: 개수 | C36: 백강욱 | D36: COR-015 확정: iOS 빌드는 팀 보유 맥, Apple 개발자 계정은 PM 생성
A37: 기능 요구사항 (삭제 제외) | B37: =COUNTA(03_기능요구사항!A2:A500)-COUNTIF(03_기능요구사항!N2:N500,"삭제") | C37: 백강욱 | D37: 개발 파트 분담 반영(D-99): 03 탭 담당 칸을 '서버 담당 / 화면 담당'으로 채움, 01_개요 1.5 역할 분담(40:30:30), 07 탭 7.3 담당별 요구사항 수 자동 집계, 04 탭 확인 담당 이름 지정
A38: Must | B38: =COUNTIFS(03_기능요구사항!H2:H500,"Must",03_기능요구사항!N2:N500,"<>삭제") | C38: 백강욱 | D38: 담당자 이름 확정: 앱 진아, 웹 승언 (팀원2·팀원3 대체)
A39: Should | B39: =COUNTIFS(03_기능요구사항!H2:H500,"Should",03_기능요구사항!N2:N500,"<>삭제") | C39: 백강욱 | D39: v0.116 (2026-10-09): 비기능 요구사항 50건 전부 확정 — 04 탭 상태를 확정으로, 목표값의 (초안) 표시 삭제
A40: Could | B40: =COUNTIFS(03_기능요구사항!H2:H500,"Could",03_기능요구사항!N2:N500,"<>삭제") | C40: 백강욱 | D40: v1.0 (2026-10-10): 베이스라인 확정 — 기능 요구사항 121건 확정, 개발 기간 1주 스프린트 × 8회(8주)로 변경(COR-001·07 스프린트 계획·용어), S8 = 통합·부하 테스트·시연 리허설, 검토자 지정, 병원 응답 2분 정책 현행 유지(D-100~103)
A41: Won't (삭제 제외) | B41: =COUNTIFS(03_기능요구사항!H2:H500,"Won't",03_기능요구사항!N2:N500,"<>삭제") | C41: 백강욱 | D41: v1.1 (2026-10-10): CR-001 승인 — 위치정보 동의 필수, 동의 거부 시 주소 입력 사용 삭제(SFR-041·092), 주소 입력은 GPS 실패 시에만(SFR-009)
A42: 삭제 처리 | B42: =COUNTIF(03_기능요구사항!N2:N500,"삭제") | C42: 백강욱 | D42: v1.2 (2026-10-12): CR-002 승인 — 운영 범위 전국 확대. 병상 수집 전국 17개 시·도(ASM-05·PER-003·SFR-023, D-59 번복 → D-104), SFR-090 복원, 동시 사용자 50명 → 동시 연결 5,000개(PER-005) + 신규 PER-007·008·QUR-012·COR-016·ASM-12, 서버 2대 구성(D-105), 길찾기 절감·상태 점검 외부(SFR-121·129·INR-002·QUR-009, D-106)
A43: v0.112 수정 (기능) | B43: =COUNTIF(03_기능요구사항!Q2:Q500,"*v0.112 수정*") | C43: 백강욱 | D43: v1.3 (2026-10-12): CR-003 승인 — v1.2 검증 반영(D-107). 정지 계정 요청마다 확인(SER-016), 시간 판정 DB 시각 통일(SFR-160), 서버 장애 뒤 재연결 병원 재전송(SFR-161·부록 A-2), 이동 중 도착 시간 SDK 전용(SFR-121·INR-002), SFR-090 S1·S5 분리, SFR-089 문구, 중복 정리(SFR-025 삭제·024·081/064·제외 병원 086 참조)
A44: Must 중 인수 기준 미작성 | B44: =COUNTIFS(03_기능요구사항!H2:H500,"Must",03_기능요구사항!G2:G500,"",03_기능요구사항!N2:N500,"<>삭제") | C44: 백강욱 | D44: v1.3 일정 (2026-10-12): 스프린트 재분배(D-108) — 병원 측 준비 4건 S3→S2, Should 4건 S6→S7, S1 서버 2대 기반·S7 2번째 서버·S8 부하·장애 테스트
A45: 전체 인수 기준 미작성 (삭제·Won't 제외) | B45: =COUNTIFS(03_기능요구사항!A2:A500,"<>",03_기능요구사항!G2:G500,"",03_기능요구사항!N2:N500,"<>삭제",03_기능요구사항!H2:H500,"<>Won't") | C45: 백강욱 | D45: v1.3 담당 (2026-10-12): D-109 — 승언에게 S1 신청·확인 3건, 통계 집계, 개인정보 자동 파기, 부하 테스트 작성·실행 이관
A46: 비기능 요구사항 | B46: =COUNTA(04_비기능요구사항!A2:A500) | C46: 백강욱 | D46: v1.4 (2026-10-25): CR-004 승인 — 10/25 교수님·구급대원 피드백 반영(D-110~123). 근무 단위 로그인·앱 잠금 삭제, 구급활동일지 초안·내보내기·음성·AI(SFR-164~167), 위치 익명 경로 축적(DAR-014), 병원 웹 덮개 알림, 거절 사유 일지 분류·축적, 만료 알림 30·7·1일(SFR-168), 병원 등급 선택(SFR-162·163, 부록 F), 관리자 독립 서버, 기능 토글·정합성 점검(QUR-013·014), 부록 G 일지 대응표
A47: 제약사항 | B47: =COUNTA(05_제약사항!A3:A18) | C47: 백강욱 | D47: v1.4.1 (2026-10-26): CR-005 승인 — v1.4 점검 반영(충돌 6·불일치 4). SER-012 일지 단말 입력 예외, SFR-037 익명화 문구, 종료(도착·취소) 후 10분 연결 기억(SFR-086·DAR-013), SER-007 이송 중 14시간, 개인 폰만(ASM-10, D-124), 만료 배너 SFR-168 일원화, 용어·등급 유지(SFR-077·128), 일지 거리 빈칸, 음성 온디바이스 우선
A48: 유스케이스 | B48: 2 | C48: 백강욱 | D48: v1.4.2 (2026-10-27): CR-006 승인 — AI 일지 정리 Could로(D-125), iOS 무음 모드 안내 SFR-092 명시, 만료 배너 규칙 명확화·SFR-146 중복 삭제(D-126), 카카오 내비 SDK 승인 반영, 정리(SFR-150 참조 제거, SFR-113 근거, DAR-014·제약 7건 확정, 파란색 규칙 삭제)
A49: 미결 결정 | B49: =COUNTIF(08_결정로그!H2:H500,"미결")
A50: 추가검증 결정 (인터뷰 확인 필요) | B50: =COUNTIF(08_결정로그!H2:H500,"추가검증")
A52: 사용 규칙
A53: 1 | B53: 한 행 = 한 요구사항. 데이터 탭(03·04·08·09)에서는 셀 병합 금지
A54: 2 | B54: ID는 절대 재사용하지 않는다. 없애는 요구사항은 지우지 말고 상태를 '삭제'로 바꾼다
A55: 3 | B55: 수정 의견은 셀 댓글 + @담당자 멘션으로 남긴다 (직접 수정 금지)
A56: 4 | B56: 정렬·필터는 '데이터 → 필터 보기 만들기'로만 한다 (일반 필터는 다른 사람 화면도 바뀜)
A57: 5 | B57: v1.0 확정 이후 변경은 09_변경요청(CR) 탭에 한 줄 추가 → 주 1회 회의에서 결정
A58: 6 | B58: 문장은 '시스템은 ~해야 한다' 형식. 구현 방법(라이브러리·SDK명)은 05_제약사항에만 쓴다
A59: 7 | B59: 우선순위·스프린트·담당·상태는 드롭다운에서만 선택한다. 담당은 '서버 담당 / 화면 담당' 형식이다 (백강욱·진아·승언)
A60: 8 | B60: 변경 이력은 비고 칸의 [vX 신규]·[vX 수정] 태그로 확인한다 (ID 칸 파란색 표시는 v1.4.2에서 없앰)
A62: 탭 안내 (요구사항분석서 표준 순서)
A63: 한눈에 보기 | B63: 처음 보는 사람용: 전체 흐름 그림 1장과 8단계 요약
A64: 01_개요 | B64: 목적·배경·범위·대상 사용자·팀 구성·개발 단계·문서 규칙
A65: 02_용어정의 | B65: 팀 공통 용어와 ID 체계
A66: 03_기능요구사항 | B66: 기능 요구사항 원장 (SFR). 요구사항 분류(한글)·화면 ID 순으로 정렬, 목표 스프린트·인수 기준 포함
A67: 04_비기능요구사항 | B67: 성능·가용성·사용성·보안·데이터·인터페이스 (PER/QUR/SER/DAR/INR). 목표값 확정 (v0.116)
A68: 05_제약사항 | B68: 제약사항(COR)과 가정·의존성(ASM)
A69: 06_유스케이스 | B69: UC-01 병원 승인 후 이송, UC-02 승인 없음 → 예비 흐름(전화 확인·통신 두절 포함) + 유스케이스 다이어그램·흐름도 3장
A70: 07_우선순위표 | B70: 요구사항 분류별 MoSCoW 집계와 스프린트 계획 (자동 집계)
A71: 08_결정로그 | B71: 결정(D-xx)과 충돌 정리(C-xx) 이력. 주황색 = 미결
A72: 09_변경요청(CR) | B72: v1.0 이후 모든 변경 요청. 회색 행은 작성 예시
A73: 10_부록 | B73: A 이송 건 상태 전이표 / B 증상 선택지→진료가능 항목 / C 진료가능 항목→필수 병상 / D 공공 데이터 병상 필드→3종 병상 / E 이상 수치 강조 기준 / F 병원 등급↔종별 / G 구급활동일지 항목↔앱 데이터
A75: ※ 우선순위·목표 스프린트·담당은 v1.0에서 팀 확인을 거쳐 확정했습니다. 변경은 CR로 요청합니다.

Sheet 01_개요
A1: 1. 개요
A3: 1.1 목적
A4: 목적 | B4: 구급대원이 현장에서 입력한 환자 정보를 반경 안 응급실에 한 번에 보내고, 승인한 병원 중 한 곳을 골라 앱 안에서 바로 경로 안내를 받을 수 있도록 지원한다. 승인이 없으면 추천 목록과 전화 확인으로 이어간다.
A5: 기대 효과 | B5: 단순 거리순 검색으로 인한 병원 거절·재이송(이른바 '응급실 뺑뺑이')을 줄여 이송 결정 시간을 단축한다.
A7: 1.2 배경
A8: 문제 | B8: 기존 거리순 검색은 현재 수용 가능한 병원을 알려주지 못해, 구급대원이 병원마다 전화를 돌리며 골든타임을 잃는다.
A9: 근거 자료 | B9: 공공 응급의료 데이터(병상·중증질환 수용), 창업 지원서 차별점, 9/29 팀 회의(구급대원 현장 평가 방식·차량당 인원), 구급대원 인터뷰(검증 예정 항목은 08_결정로그 참고)
A10: 서비스 구조 | B10: 구급대원 앱(React Native) + 병원 웹 + 관리자 웹(같은 Next.js 프로젝트) + 전용 백엔드로 구성한다. 일반인 앱은 다른 팀이 별도로 진행한다 (COR-005, 008).
A11: 구급대원 앱의 차별점 | B11: 반경 안 병원 동시 요청·병원 승인 후 출발, 병원 웹 알람, 팀 단위 공동 입력, 승인 없을 때 추천·전화 확인 예비 흐름, 통신 두절 대응
A13: 1.3 범위
A14: 포함 | B14: 환자 정보 입력, 병원 요청·응답, 팀, 병원 웹, 계정/로그인, 병상 연동·추천(예비), 경로 안내·전화 확인, 위치 기록·도착 감지, 거절 데이터 축적, 오프라인 대응, 관리자 기능
A15: 제외 | B15: 자체 지도·교통정보(ITS) 연동(D-07), 재난 지역 기능 전체(D-34), 일반인 앱(D-35), 실측 보정 예상시간(SFR-042), 병원 내부 전산 연동, 소방청 인사 정보 연동(실제 신분 인증), 사설 구급차(COR-011), 설치형 병원 프로그램·PWA(D-72), 병원 웹에 구급차 실시간 위치 표시(D-71)
A17: 1.4 대상 사용자
A18: 구급대원 | B18: 119 구급대 소속. 소속 코드 + 공무원증 사진을 관리자가 확인해 승인한 뒤 사용 (주 사용자, D-73)
A19: 병원 응급실 담당자 | B19: 관리자가 발급한 라이선스 키로 등록한 병원 PC에서 병원 웹을 사용. 이송 요청을 받아 승인·거절 (주 사용자, D-33, D-70)
A20: 관리자 | B20: 초기 데이터로 만든 관리자 계정(OTP 로그인). 가입 승인, 대원 계정 정지, 병원 계정·라이선스 키·등록 PC·응급실 입구 좌표 관리, 알림·통계 확인 (보조 사용자, D-75)
A22: 1.5 팀 구성 및 역할
A23: 전체 인원 | B23: 구급대원 서비스 3명 (일반인 앱 팀은 별도 진행)
A24: 역할 분담 (D-99) | B24: 기능 단위로 세로로 나눠 각자 자기 기능의 서버 API와 화면을 끝까지 맡는다. 비율 40 : 30 : 30 (PM 업무 포함). 03 탭 '담당' 칸 = 서버 담당 / 화면 담당
A25: 백강욱 (PM) · 40% | B25: 이송 핵심·인프라·보안: 이송·병원 정보 API, 추천 로직, 실시간 서버·재연결 모듈, 2분·5분 타이머·상태 전이, 푸시(FCM·APNs), 로그인·토큰·보안, 공공 데이터 수집기, DB·배포·CI, 공통 코드
A26: 진아 · 30% | B26: 대원 앱: 구급대원 앱 화면 21장(Android → iOS), 카카오 지도·내비 SDK 네이티브 연결, iOS 빌드 + 팀 API·계정 일부(푸시 토큰·탈퇴) 서버
A27: 승언 · 30% | B27: 병원·관리자: 병원 웹 5장·관리자 웹 4장 + 병원 웹 API·관리자 API 서버
A28: 개발 생산성 | B28: AI 개발 도구를 활용해 일반 학부 팀 대비 개발 속도를 확보하며, 이를 근거로 Must 요구사항 범위를 설정했다 (ASM-06).
A30: 1.6 개발 단계
A31: 1단계 (MVP) | B31: 환자 정보 입력 → 반경 안 병원 동시 요청 → 병원 승인 → 대원 선택 → 앱 내 경로 안내 / 승인 없으면 게이트·이동시간순 추천 → 전화 확인 (S1~S7)
A32: 2단계 (고도화) | B32: 축적된 수용·거절 데이터와 증상별 병상 가중치를 반영한 스코어링 (개발 기간 이후)
A34: 1.7 문서 규칙
A35: ID 체계 | B35: 공공 SW 사업 요구사항 분류 체계를 따른다: SFR(기능), PER(성능), QUR(품질·가용성·사용성), SER(보안), DAR(데이터), INR(인터페이스), COR(제약)
A36: 문장 형식 | B36: '시스템은 ~해야 한다' 형식으로 쓰고, 구현 방법은 제약사항(05)과 설계서에서 다룬다.
A37: 우선순위 | B37: MoSCoW(Must/Should/Could/Won't). 요구사항별 목표 스프린트(S1~S8, 1주 단위)를 함께 표기한다.

Sheet 02_용어정의
A1: 용어 | B1: 정의
A2: KTAS | B2: 한국형 응급환자 분류도구. 1~5단계, 1단계가 가장 위급. 이수자만 쓸 수 있어 선택 입력(SFR-069, D-31)
A3: 현장 평가 | B3: 구급대원이 현장에서 확인하는 환자 상태: 주 증상, 의식 수준, 활력징후(혈압·맥박·호흡수·산소포화도), 통증 부위·정도, 증상 시작 시간, 외상 여부·원인, 성별·추정 나이대 / 선택: 과거력·체온·혈당·KTAS. 주 증상은 증상 버튼(S01~S16) 중심 (SFR-108)
A4: 이송 요청 | B4: 환자 정보를 반경 안 요청 대상 병원 전체(병원 등급을 골랐으면 그 등급 이상)에 동시에 보내 수용 여부를 묻는 것. 병원 응답 제한 2분 (SFR-109, D-29)
A5: 요청 대상 병원 | B5: 검색 반경 안에 있고, 병원 웹이 서버에 연결되어 '알림 켜기'가 되어 있으며 '잠시 요청 중지' 상태가 아니며, 대원이 병원 등급을 골랐으면 그 등급 이상인 병원 (D-43, SFR-139)
A6: 승인 | B6: 병원이 '지금 받을 수 있다'는 의사를 표시한 것. 병상을 보장하지 않으며 요청 시각부터 5분만 유효하고, 병원이 '승인 취소'할 수 있다 (D-44)
A7: 예비 흐름 | B7: 병원 승인으로 이송할 수 없을 때(2분 무승인·전부 거절·유효 승인 0곳·5분 미선택·'기다리지 않고 예비로'·요청 대상 0곳·통신 두절) 추천 목록 + 전화 확인으로 병원을 찾는 흐름 (SFR-109, 112, 127)
A8: 확인 불가 | B8: 현장에서 측정하거나 물어볼 수 없는 필수 항목에 고르는 값 (예: 무의식 환자의 통증 정도). 골라도 요청을 보낼 수 있다 (D-40)
A9: 이상 수치 강조 | B9: 병원 웹에서 정상 범위를 벗어난 값(활력징후·의식·통증·체온·혈당 등)을 빨간색으로 표시하는 것. 기준: 10_부록 E (D-38)
A10: 팀 | B10: 구급차 1대에 탄 대원(최대 4명, 운전 역할 최대 1명). 차량이 2대면 팀도 2개이고 환자도 각자. 근무 시작 때 코드·QR(S2)이나 같은 관할 소방서 대원 목록 초대·수락(S5~)으로 맺고, 근무 종료·로그아웃하면 본인만 빠지며 마지막 1명이 빠지면 해제 (SFR-113, 159, D-61, D-64, D-85)
A11: 라이선스 키 | B11: 관리자가 병원마다 발급하는 키(유효 1년). 병원 PC에서 한 번 입력하면 그 PC가 병원 PC로 등록되어(최대 3대) 아이디·비밀번호 없이 병원 웹을 쓴다 (SFR-116, 123, D-70)
A12: 도착 버튼 | B12: 응급실 입구 30m 안(GPS 오차 감안)에서 시속 10km 이하가 되면 뜨는 '도착 처리할까요?' 버튼. 자동 도착은 없고 대원이 누른다 (SFR-038, D-68)
... A33: 익명 이송 경로 | B33: 이송 종료 후 위치 기록에서 대원·팀·이송 건 연결을 끊고 남긴 경로 데이터. 구급차 경로 안내 개선 연구용 (SFR-041, DAR-014)

Sheet 03_기능요구사항
A1: ID | B1: 요구사항 분류 | C1: 유형 | D1: 화면 ID | E1: 요구사항명 | F1: 상세 설명 | G1: 인수 기준 | H1: 우선순위 | I1: 개발 단계 | J1: 목표 스프린트 | K1: 출처 | L1: 근거 | M1: 담당 (서버 / 화면) | N1: 상태 | O1: 관련 결정 | P1: 최종 수정일 | Q1: 비고 | R1: 선행 요구사항
A2: SFR-041 | B2: 첫 실행·권한 | C2: 기능 | D2: S-01 | E2: 위치정보 고지·필수 동의·익명화 | F2: 시스템은 이동 종료(도착 또는 취소) 시 원본 위치 기록에서 대원 계정·팀·이송 건 연결을 즉시 끊어 '익명 이송 경로'(목적 병원ID·출발·도착 시각·좌표 열·이동 거리)로 바꿔 보관하고(DAR-014, 위치 기록이 없으면 만들지 않음), 이송 건 기록에는 이동 거리만 남겨야 한다(구급활동일지 초안, SFR-164). 첫 실행 시 수집 목적(이송 요청·도착 예상 시간 계산, 구급활동일지 거리 기록, 구급차 경로 안내 개선을 위한 익명 경로 축적)·보관 항목·보관기간과 함께 ① 환자 평가 정보와 위치로 계산한 도착 예상 시간이 요청 대상 병원에 제공된다는 것 ② 경로 안내·이동시간 산출을 위해 위치가 길찾기 서비스(카카오모빌리티)에 전달된다는 것을 동의 화면으로 고지해야 한다. 위치정보 수집은 이송 요청·도착 예상 시간 계산에 반드시 필요하므로 필수 동의이며, 고지 화면에 그 이유를 적는다. 대원이 동의하지 않으면 '위치 동의가 있어야 사용할 수 있어요' 안내와 다시 동의하기 버튼만 보여주고 다른 기능은 막는다. 동의 화면에는 주소 입력을 안내하지 않는다. 동의 후 GPS로 위치를 가져오지 못하는 경우(터널·지하 등)는 환자 정보 입력 화면의 주소 입력 버튼(SFR-009)으로 계속 사용한다. | G2: Given 앱을 처음 설치함 When 앱을 처음 실행한다 Then 수집 목적·보관 항목·보관 기간·병원 제공 항목·길찾기 서비스 전달과 필수 동의인 이유가 적힌 동의 화면이 표시된다 Given (위치정보 동의) A병원 이송 중 위치 기록 120건이 쌓여 있음 When 도착 처리가 된다 Then 위치 기록 120건이 익명 이송 경로 1건으로 바뀌어 보관되고 And 대원 계정·팀과 연결된 위치 기록은 0건이 되며 And 이송 건 기록에 이동 거리(km)가 남는다 Given (위치정보 동의) A병원 이송 중 위치 기록 60건이 쌓여 있음 When '이송 취소'를 누른다 Then 위치 기록 60건이 익명 이송 경로(취소 표시)로 바뀌고 대원 계정·팀과 연결된 위치 기록은 0건이 된다 Given 첫 실행 동의 화면 When 위치정보 수집에 '동의 안 함'을 누른다 Then '위치 동의가 있어야 사용할 수 있어요' 안내와 다시 동의하기 버튼만 표시되고 환자 정보 입력·요청은 할 수 없다 | H2: Must | I2: 1단계 | J2: S5 | K2: REQ-031,032 | L2: 개인정보보호(위치정보) 대응 | M2: 백강욱 / 진아 | N2: 확정 | O2: D-06, C-01, D-95, D-113 | P2: 2026-10-26 | Q2: [v0.96 수정] 취소 종료 시에도 원본 삭제 명시(상태 전이표) / [v0.100 수정] 고지 문구를 새 흐름에 맞게 ('제3자 제공 없음' 삭제) / [v0.108 수정] 익명 저장 검증은 SFR-039로 (C-15, 검토) / [v0.109 수정] SFR-078(동의 거부 처리) 통합, 이름 변경 / [v1.1 수정] 위치 동의 필수로 변경, 동의 거부 시 주소 입력 사용 삭제 (CR-001) / [v1.4 수정] 종료 시 삭제 → 익명 이송 경로로 축적(향후 구급차 경로 안내 개발·일지 거리), 고지 목적 추가 (CR-004, D-113) / [v1.4.1 수정] 출발 전 취소 등 위치 없으면 익명 경로 안 만듦 (CR-005) | R2: SFR-009
A3: SFR-092 | B3: 첫 실행·권한 | C3: 기능 | D3: S-01 | E3: 권한 요청 흐름 | F3: 첫 실행 시, 시스템은 위치 → 전화 → 알림 순서로 권한을 요청하고(iOS는 전화 권한이 없어 위치 → 알림), 권한마다 필요한 이유를 한 문장으로 표시해야 한다. 위치 권한은 필수이므로, 거부하면 '위치 권한이 있어야 사용할 수 있어요' 안내와 설정으로 이동 버튼을 보여주고 허용할 때까지 다음 단계로 넘어가지 않는다(SFR-041). 알림 권한을 거부하면 '병원 승인을 소리·진동으로만 알 수 있어요'를 안내한다. (알림: SFR-130) iOS에서는 알림 권한 이유 문장에 '무음 모드에서는 소리 없이 진동으로만 알려요'를 함께 표시한다. 위치는 '앱 사용 중 허용'만 요청하고 백그라운드 위치 권한은 요청하지 않는다(SFR-079). 카메라 권한은 첫 실행 때 묻지 않고 공무원증 촬영(SFR-017)·QR 스캔(SFR-113) 때 요청한다. | G3: Given Android 폰에서 앱을 처음 실행함 When 권한 요청 단계로 넘어간다 Then 위치 → 전화 → 알림 순서로 권한 요청이 표시된다 And 각 요청 앞에 필요한 이유 한 문장이 표시된다 Given 위치 권한 요청 화면 When '거부'를 누른다 Then '위치 권한이 있어야 사용할 수 있어요' 안내와 설정으로 이동 버튼이 표시되고 다음 권한 요청으로 넘어가지 않는다 Given 알림 권한 요청 화면 When '거부'를 누른다 Then '병원 승인을 소리·진동으로만 알 수 있어요' 안내가 표시되고 다음 단계로 넘어간다 Given iPhone에서 앱을 처음 실행함 When 권한 요청 단계로 넘어간다 Then 위치 → 알림 순서로만 표시되고 전화 권한 요청은 없다 Given iPhone에서 앱을 처음 실행함 When 알림 권한 요청 단계로 넘어간다 Then 알림 권한 이유 문장에 '무음 모드에서는 소리 없이 진동으로만 알려요'가 함께 표시된다 | H3: Must | I3: 1단계 | J3: S2 | K3: REQ-001,008,021 | L3: 권한 거부로 핵심 기능이 막히는 상황 최소화 | M3: - / 진아 | N3: 확정 | O3: D-73, D-97 | P3: 2026-10-27 | Q3: [v0.92 신규] / [v0.96 수정] Should→Must (Must 요구사항의 선행, C-15) / [v0.94] 인수 기준 추가 / [v0.105 수정] 알림 권한 추가 (D-63) / [v0.107 수정] 카메라 권한 시점 (D-73) / [v0.108 수정] 백그라운드 위치 권한 제거, 위치 거부해도 나머지 권한 계속 (검토) / [v0.111 수정] iOS 권한 순서(위치 → 알림) (D-97) / [v1.1 수정] 위치 권한 거부 시 진행 막음 (CR-001) / [v1.4.2 수정] iOS 무음 모드 안내 명시 — SFR-130 참조와 맞춤 (CR-006)
A4: SFR-142 | B4: 첫 실행·권한 | C4: 기능 | D4: S-01 | E4: 앱 최소 버전 확인 | F4: 앱을 실행하면, 시스템은 서버가 정한 최소 지원 버전과 앱 버전을 비교해, 더 낮으면 기능을 막고 업데이트 안내만 표시해야 한다. | G4: Given 최소 지원 버전 1.3, 설치된 앱 1.2 When 앱을 실행한다 Then '업데이트가 필요해요' 안내와 업데이트 버튼만 표시된다 | H4: Could | I4: 1단계 | J4: S7 | K4: REQ-001,008,021 | L4: 서버가 바뀐 뒤 옛 버전 앱의 오작동 방지 | M4: 진아 / 진아 | N4: 확정 | O4: D-63 | P4: 2026-09-26 | Q4: [v0.105 신규] 추가 요구사항
A5: SFR-078 | B5: 첫 실행·권한 | C5: 에러처리 | D5: S-01 | E5: 위치정보 동의 거부 처리 | F5: 만약 대원이 위치정보 수집에 동의하지 않으면, 시스템은 주소 직접 입력(SFR-009)으로 받은 위치를 기준으로 병원 조회와 이송 요청을 허용하고, 위치 기록·도착 버튼 표시(SFR-038)는 사용하지 않아야 한다. 경로 안내는 외부 내비 앱으로 넘기고(COR-003), 주행 중 운전자 입력 잠금(SFR-115)은 적용하지 않는다. 이때 도착은 메뉴의 '도착'(SFR-080)으로 처리하며, 병원 웹 '도착 확인'을 누르면 대원 앱에 도착 처리 요청이 뜬다(SFR-144). | G5: Given 첫 실행 동의 화면 When 위치정보 수집에 '동의 안 함'을 누른다 Then 주소 입력 화면이 표시되고, 입력한 주소 기준으로 병원 조회와 이송 요청을 할 수 있다 Given 위치정보에 동의하지 않은 상태에서 B병원을 선택해 이송을 시작함 When B병원 근처에 도착한다 Then 위치 기록과 '도착 처리할까요?' 버튼이 뜨지 않고 메뉴의 '도착'으로 종료하고, 병원 웹 '도착 확인'은 대원 앱에 '도착 처리할까요?'를 띄운다 | H5: Must | I5: 1단계 | J5: - | K5: REQ-031,032 | L5: 동의 없는 위치 수집 금지 | N5: 삭제 | O5: D-68, D-94 | P5: 2026-09-26 | Q5: [v0.100 수정] 새 흐름 기준으로 문구·인수 기준 수정 / [v0.107 수정] 도착 방식 변경 반영 (D-68) / [v0.108 수정] 위치 동의 시에만 위치 기록, 외부 내비·도착 처리 방식 (D-94) / [v0.109 수정] 삭제 — SFR-041에 통합 (D-95)
A6: SFR-018 | B6: 로그인 | C6: 기능 | D6: S-02 | E6: 아이디/비밀번호 로그인 | F6: 시스템은 아이디/비밀번호 로그인을 제공하고, 로그인 상태는 근무 동안만 유지해야 한다(유지 기간: SER-007). 근무 중에는 앱을 다시 열어도 로그인을 묻지 않고, 근무 종료(직접 누름 또는 14시간 자동 종료, SFR-113) 뒤에는 다시 로그인하게 한다. 근무 중 앱 잠금(PIN·생체 인증)은 두지 않는다. (소셜 로그인 미적용, 규칙: SER-006·011) | G6: Given 승인된 계정 When 올바른 아이디·비밀번호로 로그인한다 Then 근무 시작(팀) 화면으로 이동한다 (로그아웃하면 팀에서 빠지므로 로그인 직후에는 팀이 없다) Given 같은 계정으로 비밀번호를 연속 4번 틀린 상태 When 5번째도 틀린다 Then 10분 동안 로그인이 잠기고 남은 잠금 시간이 표시된다 Given 로그인해 팀을 맺은 상태 When 앱을 종료했다가 다시 실행한다 Then 로그인 화면 없이 환자 정보 입력 화면이 열린다 Given 김도윤이 '근무 종료'를 누름 When 앱을 다시 실행한다 Then 로그인 화면이 표시된다 Given 근무 시작 후 14시간이 지나 자동으로 근무 종료됨(진행 중 이송 없음) When 앱을 실행한다 Then 로그인 화면이 표시된다 | H6: Must | I6: 1단계 | J6: S2 | K6: REQ-007,012 | L6: 구현 단순화 | M6: 백강욱 / 진아 | N6: 확정 | O6: D-94, D-95, D-110 | P6: 2026-10-25 | Q6: [v0.96 수정] Should→Must (Must 요구사항의 선행, C-15) / [v0.94] 인수 기준 추가 / [v0.103 수정] 로그인 후 이동 화면 수정 (오류 4, D-61) / [v0.109 수정] SFR-019(자동 로그인) 통합 / [v1.4 수정] 30일 자동 로그인 삭제 → 근무 동안만 로그인 유지, 앱 잠금 없음 (CR-004, D-110)
A7: SFR-070 | B7: 로그인 | C7: 기능 | D7: S-02 | E7: 로그아웃 | F7: 시스템은 로그아웃 기능을 제공해야 하며, 로그아웃 시 서버의 갱신 토큰을 폐기하고 단말의 로그인 정보를 삭제해야 한다. 근무 종료(직접·자동)는 로그아웃과 같게 처리한다. 이때 그 대원은 팀에서 빠지며, 팀의 마지막 대원이면 진행 중 이송 건을 '취소'(사유 기록)로 끝낸다(SFR-113). | G7: Given 로그인해 근무 중인 상태 When 로그아웃한다 Then 로그인 화면으로 이동한다 And 앱을 다시 실행해도 로그인 화면이 표시된다 | H7: Should | I7: 1단계 | J7: S2 | K7: REQ-007,012 | L7: 개인 폰 분실 대비 (D-124) | M7: 백강욱 / 진아 | N7: 확정 | O7: D-94, D-110 | P7: 2026-10-25 | Q7: [v0.94] 인수 기준 추가 / [v0.108 수정] 팀 이탈·진행 중 이송 처리 (검토) / [v1.4 수정] 자동 로그인 문구 삭제, 근무 종료 = 로그아웃 (CR-004, D-110)
A8: SFR-150 | B8: 로그인 | C8: 기능 | D8: S-02 | E8: 앱 잠금 (생체 인증·PIN) | F8: 앱을 5분 넘게 쓰지 않다가 다시 열면, 시스템은 생체 인증(지문·Face ID) 또는 앱 PIN(숫자 6자리)으로 본인 확인을 한 뒤 화면을 보여줘야 한다. PIN은 첫 로그인 때 정하고, 생체 인증은 폰에 등록되어 있을 때만 쓴다. 5분 안에 다시 열거나, 앱이 화면에 켜져 있거나, 팀에 진행 중 이송 건(요청 중·예비 추천·전화 확인·이동 중)이 있으면 묻지 않는다. PIN을 5번 틀리면 로그아웃(팀에서 빠짐)하고 비밀번호로 다시 로그인하게 한다. | G8: Given 앱을 6분 동안 쓰지 않음 When 앱을 다시 연다 Then 생체 인증(지문·Face ID) 또는 PIN 확인 화면이 먼저 표시된다 Given 앱을 3분 동안 쓰지 않음 When 앱을 다시 연다 Then 확인 없이 이전 화면이 열린다 Given 경로 안내 화면이 30분 동안 켜져 있음 When 화면을 계속 본다 Then 잠기지 않는다 Given PIN 확인 화면 When PIN을 5번 틀린다 Then 로그아웃되고 로그인 화면이 표시된다 Given 요청을 보내고 처치하느라 7분 동안 앱을 보지 않음 When 승인 푸시를 눌러 앱을 연다 Then 잠금 없이 바로 응답 화면이 열린다 | H8: Should | I8: 1단계 | J8: S6 | K8: 9/30 회의 | L8: 폰 분실·도난 시 환자 정보·이송 기록 노출 방지, 평소엔 1초 (D-74) | M8: 진아 / 진아 | N8: 삭제 | O8: D-74, D-86, D-97, D-110 | P8: 2026-10-25 | Q8: [v0.107 신규] 9/30 회의·PM 결정 / [v0.108 수정] 진행 중 이송이 있으면 잠그지 않음, S3 → S6 (D-86) / [v0.111 수정] 지문 → 생체 인증(지문·Face ID), 이름 변경 (D-97) / [v1.4 삭제] 앱 잠금 없음 — 폰 자체 잠금으로 충분하고 위급한 현장에서 잠금 해제 시간이 부담 (CR-004, D-110) | R8: SFR-018
A9: SFR-019 | B9: 로그인 | C9: 기능 | D9: S-02 | E9: 자동 로그인 | F9: 시스템은 로그인 세션 유지(자동 로그인)를 지원해야 한다. (유지 기간: SER-007) | G9: Given '자동 로그인'을 켜고 로그인함 When 앱을 종료했다가 다시 실행한다 Then 로그인 화면 없이 근무 시작(팀) 화면 또는 팀이 있으면 환자 정보 입력 화면이 열린다 Given 자동 로그인한 지 30일이 지남 When 앱을 실행한다 Then 로그인 화면이 표시된다 | H9: Should | I9: 1단계 | J9: - | K9: REQ-007,012 | L9: 출동 중 로그인 절차 제거 | N9: 삭제 | P9: 2026-09-26 | Q9: [v0.94] 인수 기준 추가 / [v0.103 수정] 로그인 후 이동 화면 수정 (오류 4, D-61) / [v0.104 수정] Could → Should (출동마다 로그인하지 않도록, D-62) / [v0.109 수정] 삭제 — SFR-018(로그인)에 통합 (D-95)
A10: SFR-017 | B10: 회원가입·계정 | C10: 기능 | D10: S-02 | E10: 소속 확인 가입 | F10: 시스템은 구급대원 가입 신청 때 소속기관 코드(소방서 단위), 이름·계급·소속 안전센터·사번, 공무원증 사진(촬영 또는 앨범)과 사진 수집·이용 동의를 받아야 하며, 관리자가 사진을 확인해 승인(SFR-083)해야 가입이 완료된다. 동의하지 않거나 사진이 없으면 신청할 수 없다. (사진 보호: SER-015, 보관: DAR-012) | G10: Given 등록된 소속기관 코드를 가진 대원 When 코드·이름·계급·안전센터·사번과 공무원증 사진을 올리고 동의해 신청한다 Then '승인 대기' 상태로 가입 신청이 접수된다 Given 등록되지 않은 소속기관 코드 When 가입 신청한다 Then 신청이 접수되지 않고 '소속기관 코드를 확인하세요'가 표시된다 Given 공무원증 사진을 올리지 않음 When '신청'을 누른다 Then '공무원증 사진을 올려 주세요'가 표시되고 신청되지 않는다 Given 사진 수집·이용에 동의하지 않음 When '신청'을 누른다 Then 신청되지 않고 동의 안내가 표시된다 | H10: Must | I10: 1단계 | J10: S5 | K10: REQ-007,012 | L10: 구급대원 전용 기능 보호, 개발 기간(8주) 내 구현 가능한 수준 | M10: 백강욱 / 진아 | N10: 확정 | O10: D-02, D-73 | P10: 2026-09-26 | Q10: 실제 신분 인증 연동은 향후 과제 / [v0.96 수정] Should→Must (Must 요구사항의 선행, C-15) / [v0.94] 인수 기준 추가 / [v0.107 수정] 공무원증 사진·계급·안전센터·사번 추가 (D-73)
A11: SFR-022 | B11: 회원가입·계정 | C11: 에러처리 | D11: S-02 | E11: 미인증 계정 처리 | F11: 만약 계정이 승인 전이면, 시스템은 로그인 후 '승인 대기 중' 화면만 표시하고 앱의 다른 기능은 막아야 한다. 화면에는 신청 일시와 '승인되면 알림으로 알려드려요'를 보여주고, 승인·반려 결과가 나오면 알림으로 알린다. (권한표: SER-010) | G11: Given 승인 대기 계정으로 로그인 When 앱을 실행한다 Then '승인 대기 중' 화면만 표시되고 환자 정보 입력·추천 목록·팀 화면은 열리지 않는다 Given 승인 대기 중 When 관리자가 승인한다 Then '가입이 승인됐어요' 알림이 오고 다음 실행 때 근무 시작(팀) 화면이 열린다 | H11: Should | I11: 1단계 | J11: S5 | K11: REQ-007,012 | L11: 승인 전 계정이 수집 데이터를 오염시키지 않도록 | M11: 백강욱 / 진아 | N11: 확정 | O11: D-95 | P11: 2026-09-26 | Q11: '제한된 기능' 범위 — 팀 확인 필요 / [v0.96 수정] 승인 대기 계정의 경로 안내 불가 명시(SER-010 ①과 일치) / [v0.98 수정] 이송 요청 전송도 승인 후로 / [v0.100 수정] 새 첫 화면에 맞게 조회 전용 진입점 정의 / [v0.109 수정] 조회 전용 '주변 병원 보기' 없애고 '승인 대기 중' 화면 하나로 | R11: SFR-017
A12: SFR-071 | B12: 회원가입·계정 | C12: 기능 | D12: S-02 | E12: 회원 탈퇴 | F12: 대원이 탈퇴하면, 시스템은 계정·프로필 정보를 즉시 삭제해야 한다. 익명 데이터(SFR-039, 126)는 계정과 연결되지 않으므로 유지한다. (보관: DAR-003) 이때 그 대원은 팀에서 빠지며, 팀의 마지막 대원이면 진행 중 이송 건을 '취소'(사유 기록)로 끝낸다(SFR-113). | G12: Given 대원 B 계정으로 만든 익명 소요시간 기록이 3건 있음 When 대원 B가 탈퇴한다 Then B의 계정·프로필이 즉시 삭제되어 같은 아이디로 로그인되지 않는다 And 익명 소요시간 기록 3건은 남아 있다 | H12: Should | I12: 1단계 | J12: S2 | K12: REQ-007,012 | L12: 개인정보 파기 요건 | M12: 진아 / 진아 | N12: 확정 | O12: D-94 | P12: 2026-09-26 | Q12: [v0.94] 인수 기준 추가 / [v0.108 수정] 팀 이탈·진행 중 이송 처리 (검토)
A13: SFR-020 | B13: 회원가입·계정 | C13: 기능 | D13: S-02 | E13: 프로필 소속·직급 | F13: 시스템은 프로필에 소속·직급 정보를 선택 입력으로 저장해야 한다. | G13: Given 로그인한 대원 When 소속 '천안동남소방서', 직급 '소방교'로 프로필을 저장한다 Then 프로필 화면에 입력한 소속·직급이 표시된다 Given 로그인한 대원 When 소속·직급 없이 프로필을 저장한다 Then 오류 없이 저장된다 | H13: Could | I13: 1단계 | J13: - | K13: REQ-007,012 | N13: 삭제 | P13: 2026-09-26 | Q13: [v0.94] 인수 기준 추가 / [v0.104 수정] 삭제 — 가입 때 소속 코드로 확인 (D-62)
A14: SFR-113 | B14: 팀 | C14: 기능 | D14: S-03 | E14: 팀 맺기 | F14: 시스템은 로그인한 구급대원이 근무를 시작할 때 팀을 만들거나 참여하게 해야 한다. 팀은 구급차 1대에 탄 대원(최대 4명)이며, 한 명이 팀을 만들면 4자리 코드와 QR을 표시하고 다른 대원은 코드 입력 또는 QR 스캔으로 참여한다(목록에서 초대하는 방식: SFR-159, 그 뒤로 코드·QR은 목록에 없는 대원용 예비 수단). 팀원은 각자 '운전'·'처치' 역할을 고르며 '운전'은 팀에 최대 1명이다. 참여자가 아직 없어도 팀을 만든 대원은 바로 환자 정보 입력으로 넘어갈 수 있다. '근무 종료'나 로그아웃을 하면 그 대원만 팀에서 빠지고, 마지막 1명이 빠지면 팀이 해제된다. 진행 중 이송 건이 있으면 빠지기 전에 '진행 중 이송 1건이 있어요'를 경고하고, 마지막 1명이면 이송 건을 '취소'(사유 '근무 종료')로 끝낼지 확인받는다. 승인된 계정만 팀에 참여할 수 있다. 근무 시작 후 14시간(SER-007)이 지나고 진행 중 이송이 없으면 자동으로 근무 종료(팀에서 빠짐)하고, 로그아웃(SFR-070)과 같게 처리해 다음 실행 때 로그인 화면을 보여준다. 대원이 직접 누른 근무 종료도 로그아웃과 같다. | G14: Given 김도윤이 팀을 만듦 (코드 4821) When 이하준이 코드 4821을 입력한다 Then 두 사람이 한 팀으로 표시된다 Given 팀원이 4명인 상태 When 5번째 대원이 코드를 입력한다 Then '팀 인원이 가득 찼어요(최대 4명)'가 표시되고 참여되지 않는다 Given 김도윤이 이미 '운전' 역할을 고름 When 이하준이 역할을 고른다 Then '운전'은 선택할 수 없고 '처치'만 고를 수 있다 Given 팀을 만들었지만 아직 참여한 대원이 없음 When '환자 정보 입력으로'를 누른다 Then 환자 정보 입력 화면으로 넘어간다 Given 김도윤·이하준·이서준 한 팀, 진행 중 이송 없음 When 이서준이 '근무 종료'를 누른다 Then 이서준만 팀에서 빠지고 김도윤·이하준은 그대로 한 팀이다 Given 팀에 김도윤 1명만 남았고 B병원으로 이동 중 When 김도윤이 '근무 종료'를 누른다 Then '진행 중 이송 1건이 있어요 — 취소하고 종료할까요?'가 표시된다 | H14: Must | I14: 1단계 | J14: S2 | K14: 9/29 회의 | L14: 구급차 1대당 2~3명이 함께 이송 | M14: 진아 / 진아 | N14: 확정 | O14: D-32, D-47, D-61, D-64, D-85, D-96, D-110 | P14: 2026-10-27 | Q14: [v0.98 신규] 9/29 회의 / [v0.100 수정] CPR 2대 출동 시 합류, 최대 6명 (D-47) / [v0.103 수정] 차량 1대=팀 1개, 최대 4명, 운전 1명, 근무 시작 시 필수 → Must·S2 (D-61) / [v0.107 수정] 코드·QR → 관할 소방서 대원 목록에서 초대·수락, 동명이인 구분, 코드·QR은 예비 (D-64) / [v0.108 수정] S2는 코드·QR로 맺기만, 목록 초대는 SFR-159(S5)로 분리, 근무 종료는 본인만 빠짐 (D-85, D-94) / [v0.110 수정] 개발 충돌 점검 (D-96) / [v1.4 수정] 근무 종료(직접·자동) = 로그아웃 (CR-004, D-110) / [v1.4.2 수정] 14시간 근거를 확정값 SER-007로 (CR-006) | R14: SFR-018
A15: SFR-114 | B15: 팀 | C15: 기능 | D15: S-03 | E15: 팀원 간 환자 정보 공유·공동 입력 | F15: 같은 팀에서 한 팀원이 환자 정보를 입력하면, 시스템은 다른 팀원 화면에 실시간으로 반영하고, 다른 팀원도 이어서 입력할 수 있게 해야 한다. 같은 항목을 동시에 고치면 나중에 입력한 값으로 저장하고 알린다. 팀의 작성 중 환자 정보는 서버에 1개만 두고 팀원 단말이 함께 고친다. | G15: Given 김도윤과 이하준이 한 팀 When 김도윤이 혈압 160/95를 입력한다 Then 이하준 화면에도 혈압 160/95가 바로 표시되고 And 이하준이 이어서 맥박을 입력할 수 있다 | H15: Should | I15: 1단계 | J15: S6 | K15: 9/29 회의 | L15: 처치하는 사람 대신 다른 팀원이 입력 (9/29 회의) | M15: 진아 / 진아 | N15: 확정 | O15: D-32, D-96 | P15: 2026-09-26 | Q15: [v0.98 신규] 9/29 회의 / [v0.103 수정] 팀 필수(D-61)에 맞게 문장 정리 / [v0.110 수정] 개발 충돌 점검 (D-96) | R15: SFR-113, SFR-108
A16: SFR-115 | B16: 팀 | C16: 기능 | D16: S-03 | E16: 주행 중 운전자 입력 잠금 | F16: 팀에서 '운전' 역할인 대원의 단말은 차량이 이동 중(시속 10km 이상)인 동안 입력을 잠그고 보기만 허용해야 한다. 정차하면 다시 입력할 수 있다. | G16: Given 김도윤이 '운전' 역할이고 시속 40km로 이동 중 When 환자 정보 입력란을 누른다 Then 입력되지 않고 '주행 중에는 팀원이 입력해요'가 표시된다 Given 같은 상황에서 차량이 정차함 When 입력란을 누른다 Then 입력할 수 있다 | H16: Should | I16: 1단계 | J16: S6 | K16: 9/29 회의 | L16: 운전 중 화면 조작 방지, 주행 중에는 다른 팀원이 입력 (D-37) | M16: 진아 / 진아 | N16: 확정 | O16: D-37 | P16: 2026-09-26 | Q16: [v0.98 신규] 9/29 회의 | R16: SFR-113
A17: SFR-132 | B17: 팀 | C17: 기능 | D17: S-03 | E17: 운전 역할 단말 경로 안내 자동 시작 | F17: 승인 병원이 선택되면, 시스템은 '운전' 역할 대원의 단말에서 경로 안내를 자동으로 시작하고, 다른 팀원 단말에는 목적지·남은 시간만 표시해야 한다. '운전' 역할이 없거나 운전 단말이 10초 안에 응답하지 않으면 선택한 대원의 단말에서 시작한다. 위치 기록과 도착 버튼은 경로 안내를 시작한 단말 1대에서만 동작한다. 서버가 이송 건에 '경로 안내 담당 단말'을 하나 지정하고(버전 번호와 함께, SFR-160), 늦게 응답한 운전 단말은 보기 전용으로 둔다. 앱 재실행(SFR-133) 때도 지정된 담당 단말만 위치 기록을 다시 시작한다. | G17: Given 김도윤(운전)·이하준(처치) 한 팀 When 이하준이 B병원을 선택한다 Then 김도윤 단말에서 B병원 경로 안내가 자동으로 시작되고 이하준 단말에는 'B병원 · 9분 남음'이 표시된다 Given 팀에 '운전' 역할이 없음 When 이하준이 B병원을 선택한다 Then 이하준 단말에서 경로 안내가 시작된다 Given 김도윤(운전) 폰이 꺼져 있음 When 이하준이 B병원을 선택하고 10초가 지난다 Then 이하준 단말에서 경로 안내가 시작된다 | H17: Should | I17: 1단계 | J17: S6 | K17: 9/29 회의 | L17: 운전자는 입력이 잠겨 있어 병원을 직접 고르지 않음 (D-47) | M17: 백강욱 / 진아 | N17: 확정 | O17: D-47, D-94, D-96 | P17: 2026-09-26 | Q17: [v0.100 신규] 전체 검토 반영 / [v0.103 수정] 팀 필수(D-61)에 맞게 문장 정리 / [v0.110 수정] 개발 충돌 점검 (D-96) | R17: SFR-113, SFR-031
A18: SFR-143 | B18: 팀 | C18: 기능 | D18: S-03 | E18: 팀원 메모 (나만 보기) | F18: 대원이 다른 대원에 대해 나만 보는 한 줄 메모(최대 20자, 예: '3센터 운전 담당')를 남기면, 시스템은 팀원 목록 초대(SFR-159)의 목록·검색 결과에서 그 대원 이름 아래에 메모를 작게 표시해야 한다. 메모는 쓴 대원 본인에게만 보이며, 이름 대신 표시하지 않는다. | G18: Given 김도윤이 이하준에게 메모 '3센터 운전 담당'을 남김 When 김도윤이 '목록에서 초대'를 연다 Then 이하준 이름 아래에 '3센터 운전 담당'이 작게 표시된다 Given 같은 상태 When 이서준이 '목록에서 초대'를 연다 Then 이하준 아래에 메모가 보이지 않는다 | H18: Could | I18: 1단계 | J18: S7 | K18: 9/30 회의 | L18: 자주 함께 출동하는 동료를 빨리 찾기 (9/30 회의 1-B) | M18: 진아 / 진아 | N18: 확정 | O18: D-64 | P18: 2026-09-26 | Q18: [v0.107 신규] 9/30 회의·PM 결정 | R18: SFR-159
A19: SFR-159 | B19: 팀 | C19: 기능 | D19: S-03 | E19: 팀원 목록 초대 | F19: 시스템은 팀을 만든 대원이 같은 관할 소방서 대원 목록에서 팀원을 골라 초대하게 해야 한다. 목록은 지금 근무 중(근무 시작 후 근무 종료 전, SFR-113 자동 근무 종료 포함)인 승인된 대원을 먼저 보여주고, 찾는 대원이 없으면 이름 검색으로 소방서 전체에서 찾는다. 목록에는 동명이인을 구분하도록 이름·계급·소속 안전센터·사번 뒤 4자리(가입 정보 SFR-017)를 표시한다. 초대받은 대원의 폰에 '팀 초대' 알림이 가고 '수락'해야 팀원이 된다. 초대는 5분 뒤 만료되고, 이미 다른 팀에 있는 대원은 초대할 수 없다. | G19: Given 서북소방서에서 이하준·이서준이 근무 중 When 김도윤이 '목록에서 초대'를 연다 Then 근무 중 대원 목록에 '이하준 · 소방교 · 서북119안전센터 · 1234'처럼 표시된다 Given 서북소방서에 '김민수'가 2명 있고 둘 다 근무 중이 아님 When 이름 검색에 '김민수'를 입력한다 Then 두 사람이 계급·안전센터·사번 뒤 4자리로 구분되어 표시된다 Given 김도윤이 이하준을 초대함 When 이하준이 '수락'을 누른다 Then 두 사람이 한 팀으로 표시된다 Given 김도윤이 이하준을 초대함 When 이하준이 '거절'을 누른다 Then 이하준은 팀에 들어가지 않고 김도윤 화면에 '이하준 님이 초대를 거절했어요'가 표시된다 Given 이서준이 이미 다른 팀에 있음 When 김도윤이 이서준을 초대한다 Then '이미 다른 팀에 있어요'가 표시되고 초대되지 않는다 Given 이하준이 초대에 5분 동안 응답하지 않음 When 5분이 지난다 Then 초대가 만료되고 김도윤 화면에 '초대가 만료됐어요'가 표시된다 | H19: Must | I19: 1단계 | J19: S5 | K19: 9/29 회의 | L19: 9/30 회의 1번: 코드·QR 대신 목록에서 고르기 (가입 기능과 같은 S5에 구현, D-85) | M19: 진아 / 진아 | N19: 확정 | O19: D-64, D-85 | P19: 2026-09-26 | Q19: [v0.108 신규] 전체 점검 반영 | R19: SFR-113, SFR-017, SFR-130
A20: SFR-003 | B20: 환자 정보 입력 | C20: 기능 | D20: S-04 | E20: 증상/부위 필터 | F20: 대원이 주 증상을 증상 버튼(10_부록 B, 입력은 SFR-108)으로 고른 경우, 시스템은 예비 흐름의 추천 목록을 증상→진료가능 항목 매핑표(DAR-002)에 따라 해당 항목이 '가능'인 병원만 남겨야 한다. (산출 순서: SFR-098 ④) | G20: Given 검색 반경 안 병원 8곳 중 '[뇌출혈수술] 거미막하출혈' 또는 '[뇌출혈수술] 거미막하출혈 외'가 '가능'인 병원이 3곳임 When 증상에서 'S03 갑작스러운 극심한 두통·의식 저하'를 선택한다 Then 추천 후보에 3곳만 남는다 And 나머지 5곳은 지도에만 표시된다 | H20: Should | I20: 1단계 | J20: S6 | K20: REQ-001,008,021 | L20: 증상별 수용 가능 병원만 추려야 함 | M20: 백강욱 / 진아 | N20: 확정 | P20: 2026-09-26 | Q20: [v0.96 수정] 인수 기준을 추천 산출 순서(SFR-098)와 맞춤 / [v0.98 수정] 증상 선택지는 선택 입력, 예비 추천에만 사용 / [v0.108 수정] 입력은 SFR-108, 이 요구사항은 필터만 (검토) | R20: SFR-098
A21: SFR-069 | B21: 환자 정보 입력 | C21: 기능 | D21: S-04 | E21: KTAS 선택 입력 | F21: 시스템은 환자 정보 입력 화면에서 KTAS 1~5단계를 선택 입력으로 제공해야 한다. KTAS를 선택하지 않아도 이송 요청을 보낼 수 있다. 앱은 KTAS로 위급도를 판정하지 않는다(D-38). | G21: Given KTAS를 선택하지 않은 상태 When 필수 항목을 모두 입력하고 '병원에 요청'을 누른다 Then 요청이 정상적으로 전송된다 Given KTAS 2단계를 선택함 When 병원에 요청을 보낸다 Then 병원 웹의 요청 상세에 'KTAS 2'가 표시된다 | H21: Should | I21: 1단계 | J21: S6 | K21: REQ-001,008,021 | L21: KTAS 이수 대원은 병원에 등급을 함께 전달 (D-31, 앱은 등급으로 판정하지 않음 D-38) | M21: 진아 / 진아 | N21: 확정 | O21: D-31, D-38 | P21: 2026-09-26 | Q21: [v0.92 수정] 주어 '시스템' 명시 / [v0.98 수정] KTAS 이수자만 선택 입력, 위급도 기준은 미결(D-38) / [v0.100 수정] 근거를 새 흐름 기준으로 / [v0.103 수정] 옛 문구 수정 (오류 20)
A22: SFR-103 | B22: 환자 정보 입력 | C22: 기능 | D22: S-04 | E22: 환자 연령 구분 | F22: 시스템은 현장 평가의 추정 나이대(SFR-108)가 1세 미만 또는 1~14세이면 '소아'로 보고, 예비 추천에서 매핑표(DAR-002)의 영유아 항목으로 필터링해야 한다. 나이대가 '확인 불가'이면 성인 기준을 쓴다. | G22: Given 후보 6곳 중 '[응급내시경] 성인 위장관' 가능 4곳, '[응급내시경] 영유아 위장관' 가능 2곳 When 나이대 '1~14세', 증상 S06으로 예비 추천을 연다 Then 추천 후보에 2곳만 남는다 Given 같은 후보, 나이대 '확인 불가' When 증상 S06으로 예비 추천을 연다 Then 성인 항목 기준으로 4곳이 남는다 | H22: Should | I22: 1단계 | J22: S6 | K22: REQ-001,008,021 | L22: 매핑표 S06·S07의 소아 항목 구분 근거 | M22: 진아 / 진아 | N22: 확정 | P22: 2026-09-26 | Q22: [v0.97 신규] 소아 기준(만 15세 미만)은 인터뷰 확인 / [v0.98 수정] 환자 정보 입력 화면으로 위치 변경 / [v0.99 수정] 나이대 입력으로 소아 여부 자동 결정 (D-40) | R22: SFR-108, SFR-003
A23: SFR-107 | B23: 환자 정보 입력 | C23: 기능 | D23: S-04 | E23: 환자 정보 입력 화면 (첫 화면) | F23: 팀이 맺어진 대원이 앱을 실행하면, 시스템은 환자 정보 입력 화면을 첫 화면으로 표시해야 한다. 항목은 주 증상 → 성별·나이대 → 의식·활력징후 → 통증 → 외상 → 선택 항목 순서로 배치하되 입력 순서를 강제하지 않으며, 필수 항목(SFR-108)이 모두 채워지면(값 또는 '확인 불가') '병원에 요청' 버튼을 활성화한다. | G23: Given 로그인되어 있고 팀이 맺어진 대원 When 앱을 실행한다 Then 환자 정보 입력 화면이 첫 화면으로 표시되고 맨 위에 주 증상 입력란이 있다 Given 입력 화면 When 주 증상보다 맥박을 먼저 입력한다 Then 맥박이 정상적으로 입력되고 다른 항목도 계속 입력할 수 있다 Given 필수 항목 중 맥박이 비어 있음 When 나머지 항목을 모두 입력한다 Then '병원에 요청' 버튼이 비활성 상태로 남고 '맥박을 입력하세요'가 표시된다 | H23: Must | I23: 1단계 | J23: S2 | K23: REQ-001,008,021 | L23: 현장에서 가장 먼저 하는 일이 환자 평가라서 | M23: 진아 / 진아 | N23: 확정 | O23: D-31, D-39 | P23: 2026-09-26 | Q23: [v0.98 신규] 9/29 회의 / [v0.99 수정] 화면 배치 순서·순서 비강제 (D-39) / [v0.103 수정] 팀 필수 반영 (D-61) | R23: SFR-108, SFR-113
A24: SFR-108 | B24: 환자 정보 입력 | C24: 기능 | D24: S-04 | E24: 현장 평가 입력 | F24: 시스템은 다음 항목을 입력받아야 한다. 필수: 주 증상, 성별(남/여), 추정 나이대(1세 미만·1~14세·15~19세·20대~80대·90세 이상), 의식 수준(명료/말에 반응/통증에 반응/무반응), 혈압, 맥박, 호흡수, 산소포화도, 통증 부위, 통증 정도(0~10), 증상 시작 시간, 외상 여부(있으면 원인). 주 증상은 증상 버튼(10_부록 B S01~S16)을 먼저 보여주고 버튼을 누르면 주 증상이 채워지며, 버튼에 없으면 직접 입력한다(버튼을 고르면 증상 선택지로도 쓰인다). 주 증상을 뺀 필수 항목은 '확인 불가'를 고를 수 있어야 하며, 주 증상이 채워지면 '나머지 확인 불가로 보내기' 버튼으로 비어 있는 필수 항목을 한 번에 '확인 불가'로 채울 수 있다. 선택: 과거력, 체온, 혈당, KTAS(입력란은 SFR-069에서 S6에 추가). 이름·주민번호·연락처 입력란은 두지 않는다(SER-012). | G24: Given 입력 화면 When 주 증상 버튼 'S03 갑작스러운 극심한 두통·의식 저하', 남, 60대, 의식 '말에 반응', 혈압 160/95, 맥박 88, 호흡 20, 산소포화도 96, 통증 부위 '머리', 통증 8, 시작 '30분 전', 외상 '없음'을 입력한다 Then 필수 항목이 모두 채워졌다고 표시되고 '병원에 요청' 버튼이 활성화된다 Given 의식 '무반응' 환자 When 통증 부위·정도·시작 시간을 '확인 불가'로 고르고 나머지를 입력한다 Then '병원에 요청' 버튼이 활성화되고, 병원 웹에 해당 항목이 '확인 불가'로 표시된다 Given 입력 화면 When 외상 여부를 '있음'으로 바꾼다 Then 외상 원인 선택지(교통사고·추락·넘어짐·관통상·화상·기타)가 나타나고 필수 항목이 된다 Given 주 증상만 '흉통'으로 채운 상태 When '나머지 확인 불가로 보내기'를 누른다 Then 비어 있는 필수 항목이 모두 '확인 불가'로 채워지고 '병원에 요청' 버튼이 활성화된다 Given 증상 버튼에 맞는 증상이 없음 When 주 증상을 직접 '손가락 절단'으로 입력한다 Then 주 증상이 채워지고 증상 선택지는 '미선택'으로 남는다 | H24: Must | I24: 1단계 | J24: S2 | K24: REQ-001,008,021 | L24: KTAS 미이수 대원이 많아 현장 평가 항목으로 입력 (9/29 회의) | M24: 진아 / 진아 | N24: 확정 | O24: D-31, D-40, D-83 | P24: 2026-09-26 | Q24: [v0.98 신규] 9/29 회의 / [v0.99 수정] 성별·나이대 추가, 주 증상을 뺀 필수 항목 '확인 불가' 허용 (D-40) / [v0.103 수정] 비고 문구 수정 (오류 21) / [v0.108 수정] 주 증상은 증상 버튼 중심 + '나머지 확인 불가로 보내기', KTAS·증상 선택지 소관 명확화 (D-83, 검토)
A25: SFR-109 | B25: 병원 요청·응답 | C25: 기능 | D25: S-05 | E25: 이송 요청 동시 전송 | F25: 대원이 '병원에 요청'을 누르면, 시스템은 현재 검색 반경(SFR-012) 안에 있고 병원 웹이 서버에 연결되어 '알림 켜기'가 되어 있고 '잠시 요청 중지'(SFR-139) 상태가 아니며, 대원이 병원 등급을 골랐으면(SFR-162) 그 등급 이상인 병원 전체에 환자 정보와 도착 예상 시간(SFR-129)을 동시에 전송해야 한다. 요청 대상이 0곳이거나 단말이 통신 두절 상태이면 요청을 보내지 않고 바로 '예비 추천'(SFR-112)으로 전환하며, 이송 요청은 단말에 보관했다가 나중에 보내지 않는다. 이송 건은 팀 단위로 1건만 만든다(SFR-104). | G25: Given 반경 20km 안 병원 10곳 중 병원 웹이 연결되고 알림이 켜진 병원이 8곳임 When '병원에 요청'을 누른다 Then 8곳에만 요청이 전송되고 And 대원 화면에 '8곳에 요청함 · 응답 대기 2:00'이 표시된다 Given 반경 안에 알림이 켜진 병원이 0곳 When '병원에 요청'을 누른다 Then 요청을 보내지 않고 '응답 가능한 병원이 없어요'와 함께 추천 목록으로 전환된다 Given 단말이 통신 두절 상태 When '병원에 요청'을 누른다 Then 요청이 보관되지 않고 예비 추천 화면으로 전환된다 Given 반경 20km 안 요청 가능 병원 8곳 중 대학병원급 2곳·종합병원급 3곳·일반 병원 3곳, 대원이 '종합병원급'을 고름 When '병원에 요청'을 누른다 Then 대학병원급 2곳과 종합병원급 3곳, 모두 5곳에만 요청이 전송된다 | H25: Must | I25: 1단계 | J25: S3 | K25: 9/29 회의 | L25: 전화를 한 곳씩 돌리는 시간을 없애는 핵심 기능 | M25: 백강욱 / 진아 | N25: 확정 | O25: D-28, D-43, D-45, D-120 | P25: 2026-10-25 | Q25: [v0.98 신규] 9/29 회의 / [v0.100 수정] 연결·알림 켜짐 병원만, 0곳·오프라인이면 바로 예비, 팀 단위 1건 (D-43, D-45, D-47) / [v0.103 수정] 팀 필수(D-61)에 맞게 문장 정리 / [v0.105 수정] 요청 중지 병원 제외 (D-63) / [v1.4 수정] 고른 병원 등급 이상에만 요청 (구급대원 피드백, CR-004, D-120) | R25: SFR-107, SFR-116, SFR-117, SFR-012, SFR-129
A26: SFR-110 | B26: 병원 요청·응답 | C26: 기능 | D26: S-05 | E26: 병원 응답 실시간 표시 | F26: 요청을 보낸 뒤, 시스템은 병원별 응답 상태(대기/승인/거절 + 거절 사유/승인 취소)와 남은 응답 시간을 실시간으로 표시해야 한다. 승인 병원은 승인이 온 순서대로 위에서부터 쌓고 이미 표시된 병원의 위치는 바꾸지 않으며, 각 병원에 예상 이동시간을 크게 표시하고 그중 가장 가까운 병원에 '가장 가까움'을 붙인다. 남은 시간은 서버가 내려준 남은 초로만 센다. 서버 연결이 끊긴 채 남은 시간이 0이 되고 승인한 병원이 없으면 '임시 예비'로 추천 목록을 보여주고, 다시 연결되면 서버 상태로 바꾸며 그사이 승인이 있었으면 경보(SFR-130)로 알린다. 승인한 병원이 있으면 승인 유효시간(SFR-127) 동안 선택할 수 있다. 통신이 끊긴 채 요청 후 5분이 지나면 승인 목록을 비활성화한다. | G26: Given 8곳에 요청을 보낸 상태 When C병원(14분)이 먼저, B병원(9분)이 나중에 승인하고 A병원이 거절한다 Then 승인 목록에 C병원이 위, B병원이 아래에 표시되고 순서가 바뀌지 않으며 And B병원에 '가장 가까움'이 붙고 A병원은 '거절', 나머지 5곳은 '대기'로 표시된다 Given 승인한 병원이 없는 상태에서 요청 후 1분에 통신이 끊김 When 남은 시간이 0이 된다 Then '임시 예비' 표시와 함께 추천 목록이 표시된다 Given '임시 예비' 중 서버에는 1:55에 들어온 D병원 승인이 있음 When 통신이 다시 연결된다 Then 경보와 함께 D병원 승인이 표시되고 선택할 수 있다 | H26: Must | I26: 1단계 | J26: S3 | K26: 9/29 회의 | L26: 대원이 응답을 기다리는 동안 상황을 알아야 함 | M26: 백강욱 / 진아 | N26: 확정 | O26: D-67, D-84, D-93, D-96 | P26: 2026-09-26 | Q26: [v0.98 신규] 9/29 회의 / [v0.100 수정] 앱 자체 2분 타이머 (D-45) / [v0.103 수정] 전환 조건 추가 (오류 13) / [v0.107 수정] 거절 사유 표시 (D-67) / [v0.108 수정] 승인 병원 순서 고정·'가장 가까움' 표시, 남은 시간은 서버 기준, 끊김 시 임시 예비 (D-84, D-93) / [v0.110 수정] 개발 충돌 점검 (D-96) | R26: SFR-109, SFR-119
A27: SFR-111 | B27: 병원 요청·응답 | C27: 기능 | D27: S-05 | E27: 승인 병원 선택 | F27: 승인한 병원이 1곳 이상이면, 시스템은 대원이 그중 한 곳을 고르게 하고 'B병원으로 확정할까요?'를 한 번 확인받은 뒤, 서버 확정이 끝나면 이송 건을 '이동 중'으로 바꾸고 경로 안내(SFR-031)를 시작해야 한다. 병원 선택은 단말에 보관했다가 나중에 보내지 않으며(SFR-099 제외), 5초 안에 서버 응답이 없으면 'B병원으로 출발하세요 (확정 중 — 아직 확정 아님)'을 표시하고 뒤에서 확정을 다시 시도하고, 끝내 실패하면 경보로 알린다. 확정 요청에는 같은 확정을 여러 번 보내도 한 번만 처리되는 키를 붙이고, 판정은 첫 시도가 서버에 도착한 시각으로 한다. | G27: Given B병원(9분)과 C병원(14분)이 승인한 상태 When B병원을 누르고 '확정'을 누른다 Then B병원으로 경로 안내가 시작되고 And B병원 웹의 요청에 '확정'이 표시된다 Given B병원을 누름 When 'B병원으로 확정할까요?'에서 '취소'를 누른다 Then 확정되지 않고 승인 목록으로 돌아간다 Given '확정'을 누른 순간 통신이 느려 5초 동안 서버 응답이 없음 When 5초가 지난다 Then 'B병원으로 출발하세요 (확정 중 — 아직 확정 아님)'이 표시되고 확정을 다시 시도한다 | H27: Must | I27: 1단계 | J27: S3 | K27: 9/29 회의 | L27: 먼저 승인한 곳이 더 멀 수 있어 대원이 판단 (D-30) | M27: 백강욱 / 진아 | N27: 확정 | O27: D-30, D-84, D-93, D-96 | P27: 2026-09-26 | Q27: [v0.98 신규] 9/29 회의 / [v0.103 수정] 인수 기준을 S3 기능 기준으로 (오류 15) / [v0.108 수정] '확정할까요?' 한 번 확인, 서버 확정이 늦으면 '확정 중' 표시 (D-84, D-93) / [v0.110 수정] 개발 충돌 점검 (D-96) | R27: SFR-110
A28: SFR-112 | B28: 병원 요청·응답 | C28: 기능 | D28: S-05 | E28: 무응답·전부 거절 시 예비 흐름 | F28: 요청 후 2분 안에 승인한 병원이 없거나, 모든 병원이 거절하거나, 응답 대기 병원이 없는 상태에서 유효한 승인이 승인 취소로 0곳이 되거나, 요청이 전달된 병원이 0곳이거나(SFR-161), 대원이 '기다리지 않고 예비로'를 누르면, 시스템은 남은 요청을 닫고 '예비 추천'으로 전환해 추천 목록(SFR-098)을 보여주고 전화 확인(SFR-032, S4)으로 이어지게 해야 한다. 제외 병원(SFR-086)은 추천 목록에서 뺀다. '기다리지 않고 예비로'를 누르면 승인한 병원의 요청도 닫고 병원 웹에 '요청 종료'를 표시한다. | G28: Given 8곳에 요청했고 2분 동안 승인이 없음 When 제한 시간이 끝난다 Then '승인한 병원이 없어요 · 가까운 병원에 전화로 확인하세요' 안내와 함께 추천 목록이 표시된다 Given 8곳 모두 거절함 When 마지막 거절이 도착한다 Then 2분을 기다리지 않고 바로 추천 목록으로 전환된다 Given 요청 후 40초, 응답 대기 중 When '기다리지 않고 예비로'를 누른다 Then 8곳의 요청이 닫히고 바로 추천 목록이 표시된다 Given (S4 이후) 요청 후 3분, 다른 병원은 모두 만료되었고 유일한 승인 병원 B가 '승인 취소'함 When 취소가 도착한다 Then 5분을 기다리지 않고 바로 추천 목록으로 전환되고 B병원은 목록에서 빠진다 | H28: Must | I28: 1단계 | J28: S3 | K28: 9/29 회의 | L28: 병원 응답이 없어도 이송이 멈추면 안 됨 | M28: 백강욱 / 진아 | N28: 확정 | O28: D-29, D-36, D-94, D-96 | P28: 2026-10-12 | Q28: [v0.98 신규] 9/29 회의 / [v0.100 수정] '기다리지 않고 예비로' 버튼 추가 (D-43) / [v0.108 수정] 유효 승인 0곳이 되면 바로 예비, 제외 규칙 통일 (검토) / [v0.110 수정] 개발 충돌 점검 (D-96) / [v1.3 수정] 제외 병원은 SFR-086 참조만 (CR-003) | R28: SFR-124, SFR-098
A29: SFR-130 | B29: 병원 요청·응답 | C29: 기능 | D29: S-05 | E29: 대원 알림 (진동·소리·푸시) | F29: 시스템은 첫 승인 도착, 전부 거절, 응답 시간 만료(2분), 승인 유효시간 해제 1분 전(요청 후 4분)과 해제(5분), 승인 취소, 연결 복구 후 새로 확인된 승인(SFR-110), 확정 병원의 추가 메모(SFR-140), 도착 후 수용 불가(SFR-158) 때 팀원 전원의 단말에 진동과 소리로 알려야 하며, 앱이 백그라운드이거나 화면이 꺼져 있으면 푸시 알림(COR-009)으로 알린다. (트리거별 구현 시점: 첫 승인·전부 거절·2분 만료 S3, 승인 해제 경보·승인 취소 S4, 연결 복구 승인 S3, 추가 메모 S4, 수용 불가 S7) iPhone이 무음 모드이면 소리 없이 진동으로만 알리며(폰 설정에 따름), 알림 권한 요청 화면(SFR-092)에서 이를 안내한다. 무음 모드를 무시하는 iOS '중요 알림'은 Apple 별도 승인이 필요해 쓰지 않는다. | G29: Given 요청을 보내고 앱을 백그라운드로 둔 채 처치 중 When B병원이 승인한다 Then 푸시 알림 'B병원 승인 · 9분'이 오고 단말이 진동한다 Given 팀원 3명이 같은 요청을 보는 중 When 2분이 지나 만료된다 Then 3명의 단말 모두 진동·소리로 알린다 Given (S4 이후) B병원이 승인했고 요청 후 4분이 되도록 병원을 고르지 않음 When 요청 후 4분이 된다 Then '1분 뒤 승인이 해제돼요' 경보가 울린다 Given iPhone이 무음 모드이고 앱이 백그라운드 When B병원이 승인한다 Then 소리 없이 푸시 알림과 진동이 온다 | H29: Must | I29: 1단계 | J29: S3 | K29: 9/29 회의 | L29: 대원은 처치 중이라 화면을 보고 있지 않음 (D-51) | M29: 백강욱 / 진아 | N29: 확정 | O29: D-51, D-77, D-90, D-93, D-96, D-97 | P29: 2026-09-26 | Q29: [v0.100 신규] 전체 검토 반영 / [v0.103 수정] 팀 필수(D-61)에 맞게 문장 정리 / [v0.108 수정] 만료 구분, 승인 해제 1분 전 경보, 추가 메모·연결 복구 승인 (검토, D-90, D-93) / [v0.110 수정] 개발 충돌 점검 (D-96) / [v0.111 수정] iOS 무음 모드 처리 (D-97) | R29: SFR-110
A30: SFR-131 | B30: 병원 요청·응답 | C30: 기능 | D30: S-06 | E30: 반경 넓혀 다시 요청 | F30: '예비 추천' 상태에서 대원이 '반경 넓혀 다시 요청'을 누르면, 시스템은 요청 반경을 한 단계 넓히고(최대 40km) 넓힌 반경 안 요청 대상 중 이번 이송에서 아직 요청하지 않은 병원('요청한 병원' 목록 기준, SFR-086)에만 요청을 보내 이송 건을 '요청 중'으로 되돌려야 한다. 제외 병원(SFR-086)은 빼고, 넓힐 반경이 없거나 새 대상이 0곳이면 안내 후 예비 추천에 머문다. 고른 병원 등급(SFR-162)은 그대로 유지한다. | G30: Given 반경 20km 요청이 만료되어 예비 추천 상태 When '반경 넓혀 다시 요청'을 누른다 Then 반경이 30km가 되고 20~30km 사이 대상 병원에만 새 요청이 가며 이송 건이 '요청 중'이 된다 Given 반경이 이미 40km When '반경 넓혀 다시 요청'을 확인한다 Then 버튼이 비활성화되고 '더 넓힐 수 없어요'가 표시된다 | H30: Should | I30: 1단계 | J30: S4 | K30: 9/29 회의 | L30: 예비 흐름에서도 병원 승인 기회를 한 번 더 (D-50) | M30: 백강욱 / 진아 | N30: 확정 | O30: D-50, D-96 | P30: 2026-10-25 | Q30: [v0.100 신규] 전체 검토 반영 / [v0.110 수정] 개발 충돌 점검 (D-96) / [v1.3 수정] 제외 병원은 SFR-086 참조만 (CR-003) / [v1.4 수정] 반경을 넓혀도 병원 등급 유지 (D-120) | R30: SFR-112, SFR-012
A31: SFR-149 | B31: 병원 요청·응답 | C31: 기능 | D31: S-05 | E31: 승인 병원 지도 표시 | F31: 요청 중 응답 화면에서, 시스템은 승인한 병원의 위치와 대원 현재 위치를 지도에 표시하고, 목록에서 병원을 누르면 지도에서 그 병원을 강조해야 한다. 지도를 불러오지 못하면 목록만 보여준다. | G31: Given B병원·C병원이 승인한 상태 When 응답 화면을 본다 Then 지도에 대원 위치와 B·C병원 위치가 표시된다 Given 같은 상태 When 목록에서 C병원을 누른다 Then 지도에서 C병원이 강조된다 Given 지도를 불러오지 못함 When 응답 화면을 본다 Then 지도 없이 응답 목록만 표시된다 | H31: Should | I31: 1단계 | J31: S7 | K31: 9/30 회의 | L31: 승인 병원이 여러 곳일 때 위치를 보고 고르기 (9/30 회의 8) | M31: 백강욱 / 진아 | N31: 확정 | O31: D-71 | P31: 2026-10-12 | Q31: [v0.107 신규] 9/30 회의·PM 결정 / [v1.3 일정] S6 → S7 (스프린트 재분배, D-108) | R31: SFR-110
A32: SFR-001 | B32: 추천 목록(예비) | C32: 기능 | D32: S-06 | E32: 주변 응급실 자동 로드 | F32: 팀이 맺어진 대원이 앱을 실행하면, 시스템은 환자 정보 입력 화면(SFR-107)을 먼저 표시하고, 그동안 현재 위치 기준 검색 반경 안의 응급실 목록을 미리 불러와야 한다. | G32: Given 팀이 맺어져 있고 위치 권한이 허용되어 있으며 반경 20km 안에 응급실 12곳이 있음 When 앱을 실행한다 Then 환자 정보 입력 화면이 먼저 표시된다 And 입력하는 동안 반경 안 응급실 12곳의 목록을 미리 불러와 둔다 | H32: Must | I32: 1단계 | J32: S2 | K32: REQ-001,008,021 | L32: 예비 흐름·요청 대상 판단에 쓸 병원 목록을 입력하는 동안 미리 준비 | M32: 백강욱 / 진아 | N32: 확정 | O32: C-05 | P32: 2026-09-26 | Q32: [v0.96 수정] 추천 카드(S2)와 같은 스프린트로 이동 / [v0.98 수정] 첫 화면이 환자 정보 입력으로 변경 (D-31) / [v0.100 수정] 근거를 새 흐름 기준으로 / [v0.103 수정] 팀 조건 추가 (D-61) | R32: SFR-092, SFR-027
A33: SFR-002 | B33: 추천 목록(예비) | C33: 기능 | D33: S-06 | E33: 목록 요약 정보 표시 | F33: 시스템은 추천 카드마다 병원명·거리·예상 이동시간·잔여 병상 수·중증질환 진료가능 항목 수를 요약 표시해야 한다. | G33: Given A병원(거리 3.2km, 예상 9분, 응급실 가용 4, 중증질환 진료가능 항목 3개)이 추천 후보에 있음 When 추천 목록 화면을 연다 Then A병원 카드에 병원명·3.2km·9분·잔여 병상 4·'중증질환 진료가능 3'이 모두 표시된다 | H33: Must | I33: 1단계 | J33: S2 | K33: REQ-001,008,021 | L33: 카드 한 장으로 1차 판단 가능해야 함 | M33: 백강욱 / 진아 | N33: 확정 | P33: 2026-09-26 | Q33: [v0.96 수정] '수용 가능' 표현 → '진료가능 항목'(C-16)
A34: SFR-006 | B34: 추천 목록(예비) | C34: 기능 | D34: S-06 | E34: 수동 새로고침 | F34: 대원이 새로고침 버튼을 누르면, 시스템은 즉시 최신 데이터를 다시 조회해야 한다. | G34: Given 목록이 기준 14:00 데이터로 표시 중이고, 서버에 14:03 데이터가 있음 When 새로고침 버튼을 누른다 Then 목록이 14:03 데이터로 바뀐다 And 카드의 기준 시각이 14:03으로 표시된다 | H34: Must | I34: 1단계 | J34: S2 | K34: REQ-001,008,021 | L34: 전화 직전 최신 상태 확인 | M34: 백강욱 / 진아 | N34: 확정 | P34: 2026-09-26 | Q34: 기존 1-6을 두 행으로 분리 / [v0.94] 인수 기준 추가
A35: SFR-008 | B35: 추천 목록(예비) | C35: 에러처리 | D35: S-06 | E35: 네트워크 불안정 시 데이터 유지 | F35: 만약 앱의 목록 조회 요청이 5초 안에 응답을 받지 못하거나 실패하거나, 서버의 공공 데이터 수집이 실패해 최신 데이터가 없으면, 시스템은 마지막으로 저장된 데이터를 유지하고 데이터 상태 문구표(SFR-081)의 '참고용 정보' 문구로 표시해야 한다. 저장 데이터도 없으면 빈 화면 대신 '불러올 수 있는 병원 정보가 없습니다' 안내와 새로고침 버튼을 표시한다. | G35: Given 기준 14:00 목록이 표시된 상태에서 서버가 응답하지 않음 When 새로고침 버튼을 누른다 Then 14:00 목록이 그대로 유지되고 화면이 비지 않는다 And 카드에 '참고용 정보 · 기준 14:00'이 표시된다 Given 공공 데이터 수집이 실패했고 기준 13:50 저장 데이터가 있음 When 목록을 조회한다 Then 저장 데이터가 '참고용 정보 · 기준 13:50'과 함께 표시된다 Given 공공 데이터 수집이 실패했고 저장 데이터도 없음 When 목록을 조회한다 Then '불러올 수 있는 병원 정보가 없습니다' 안내와 새로고침 버튼이 표시된다 | H35: Should | I35: 1단계 | J35: S5 | K35: REQ-001,008,021 | L35: 화면이 비는 상황 방지 | M35: 백강욱 / 진아 | N35: 확정 | O35: C-09 | P35: 2026-09-26 | Q35: [v0.96 수정] 모호어 '불안정' 정의, 자동 갱신(S6) 의존 제거 / [v0.96 수정] 앱→서버 응답 제한시간 5초로 명시 / [v0.99 수정] Must → Should (D-41) / [v0.104 수정] SFR-028(공공 데이터 실패)과 통합 (D-62)
A36: SFR-009 | B36: 추천 목록(예비) | C36: 에러처리 | D36: S-06 | E36: 위치 실패 시 주소 입력 | F36: 만약 위치 정보를 가져오지 못하면, 시스템은 환자 정보 입력 화면을 그대로 띄우고 반경 표시 옆에 '위치 확인 불가 · 주소 입력' 버튼을 보여, 주소를 입력하면 그 위치를 요청·추천 기준 위치로 써야 한다. (좌표 변환: INR-004) | G36: Given GPS 신호를 받지 못해 위치를 가져올 수 없음 When 앱을 실행한다 Then 환자 정보 입력 화면이 표시되고 반경 옆에 '위치 확인 불가 · 주소 입력' 버튼이 있다 Given '주소 입력'을 누름 When '천안시 동남구 신부동'으로 주소 검색을 한다 Then 입력한 주소가 기준 위치로 설정되고 반경 20km가 그 위치 기준으로 계산된다 Given 주소 입력 화면 When 존재하지 않는 주소로 검색한다 Then '주소를 찾을 수 없습니다'가 표시되고 입력 화면이 유지된다 | H36: Must | I36: 1단계 | J36: S2 | K36: REQ-001,008,021 | L36: GPS 실패 시에도 검색 가능해야 함 | M36: 백강욱 / 진아 | N36: 확정 | O36: D-94 | P36: 2026-10-10 | Q36: [v0.94] 인수 기준 추가 / [v0.103 수정] S4 → S2 (오류 15) / [v0.108 수정] 첫 화면은 환자 정보 입력 유지, 주소 입력은 버튼으로 (검토) / [v1.1] 주소 입력은 GPS 실패 시에만 사용 (CR-001, 문장 변경 없음)
A37: SFR-012 | B37: 추천 목록(예비) | C37: 기능 | D37: S-06 | E37: 검색 반경 설정·표시 | F37: 시스템은 환자 정보 입력 화면의 '병원에 요청' 버튼 옆과 추천 카드 영역 위에서 검색 반경을 10·20·30·40km 중 바꿀 수 있게 해야 한다(기본 20km). 이 반경은 이송 요청 대상(SFR-109)과 예비 추천 범위에 쓰인다. 요청 중(응답 대기 화면)에는 반경을 바꿀 수 없고, 넓히려면 예비 추천의 '반경 넓혀 다시 요청'(SFR-131)을 쓴다. 이송 건에는 요청 반경과 예비 추천 반경을 따로 저장한다(SFR-029는 추천 반경만 넓힌다). | G37: Given 입력 화면 '병원에 요청' 옆에 '반경 20km'가 표시됨 When 반경을 30km로 바꾸고 요청한다 Then 반경 30km 안 대상 병원에 요청이 전송된다 Given 반경 20km로 8곳에 요청 중 When 응답 대기 화면을 본다 Then 반경은 '20km'로 표시만 되고 바꿀 수 없다 | H37: Must | I37: 1단계 | J37: S3 | K37: REQ-001,008,021 | L37: 지역별 병원 밀도 차이 대응 | M37: 백강욱 / 진아 | N37: 확정 | O37: D-18, D-28, D-50, D-82, D-96 | P37: 2026-09-26 | Q37: [v0.96 수정] 설정 가능 범위 명시 / [v0.98 수정] 반경 설정을 추천 카드 영역으로 이동, 동시 전송 범위와 연결 / [v0.100 수정] Must로, 입력 화면에도 배치, 요청 중 넓히면 추가 전송 (D-50) / [v0.108 수정] 요청 중 반경 넓히기 삭제 (D-82, D-50 일부 번복) / [v0.110 수정] 개발 충돌 점검 (D-96)
A38: SFR-027 | B38: 추천 목록(예비) | C38: 기능 | D38: S-06 | E38: 추천 카드 상위 5개 표시 | F38: 예비 흐름에서, 시스템은 게이트를 통과한 후보 중 상위 5개를 추천 카드로 표시해야 한다. 반경 내 전체 병원은 지도에 표시한다. | G38: Given 게이트를 통과한 후보가 9곳이고, 반경 안 응급실이 15곳임 When 추천 목록 화면을 연다 Then 추천 카드는 5장만 표시된다 And 지도에는 응급실 마커 15개가 모두 표시된다 | H38: Must | I38: 1단계 | J38: S2 | K38: REQ-002,005,024 | L38: 이송 중 판단 부담 최소화 | M38: 백강욱 / 진아 | N38: 확정 | O38: C-05 | P38: 2026-09-26 | Q38: [v0.98 수정] 재난 문구 삭제 / [v0.100 수정] 번복된 결정 C-04 참조 삭제 / [v0.94] 인수 기준 추가 | R38: SFR-098
A39: SFR-029 | B39: 추천 목록(예비) | C39: 에러처리 | D39: S-06 | E39: 추천 0건 대체 안내 | F39: 만약 추천 후보가 0건이면(최초 조회 또는 거절로 모두 제외된 경우), 시스템은 검색 반경을 한 단계 넓혀(10→20→30→40km) 다시 조회할지 묻는 안내를 표시해야 한다. 반경이 이미 40km이면 넓히기 안내 없이 '가까운 병원에 전화로 확인하세요' 안내를 표시한다. | G39: Given 반경 20km 안에 게이트 통과 후보가 0곳임 When 추천 목록을 조회한다 Then '반경을 30km로 넓혀 다시 찾을까요?' 안내가 표시된다 Given 같은 안내가 표시된 상태 When '넓혀서 찾기'를 누른다 Then 반경 30km 기준으로 다시 조회한 결과가 표시된다 Given 반경 40km에서도 후보가 0곳 When 추천 목록을 조회한다 Then 넓히기 안내 없이 '가까운 병원에 전화로 확인하세요' 안내가 표시된다 | H39: Must | I39: 1단계 | J39: S4 | K39: REQ-002,005,024 | L39: 빈 화면 방지 | M39: 백강욱 / 진아 | N39: 확정 | P39: 2026-09-26 | Q39: [v0.92 수정] '반경 확장 등' 모호어 제거 → 2배 확장으로 구체화 / [v0.96 수정] 거절로 후보가 모두 빠진 경우 포함, 최대 반경 / [v0.96 수정] SFR-074(Must)의 선행이라 Must 승격 / [v0.94] 인수 기준 추가 / [v0.103 수정] 반경 2배(최대 80km) → 한 단계 넓힘(최대 40km) (오류 1) / [v0.103 수정] S5 → S3 (예비 흐름 전화 확인이 S3에 끝까지 동작)
A40: SFR-094 | B40: 추천 목록(예비) | C40: 기능 | D40: S-06 | E40: 지도 마커-카드 연동 | F40: 대원이 지도 마커를 누르면, 시스템은 해당 병원 카드를 강조 표시하고 목록을 그 카드 위치로 이동해야 한다. | G40: Given 추천 카드 5장이 표시되고 3번째가 B병원임 When 지도에서 B병원 마커를 누른다 Then B병원 카드가 강조 표시된다 And 목록이 B병원 카드 위치로 이동한다 | H40: Could | I40: 1단계 | J40: S7 | K40: REQ-001,008,021 | L40: 지도와 목록을 오가며 비교 | M40: 백강욱 / 진아 | N40: 확정 | P40: 2026-09-26 | Q40: [v0.92 신규] / [v0.94] 인수 기준 추가 / [v0.104 수정] Should → Could (D-62)
A41: SFR-095 | B41: 추천 목록(예비) | C41: 기능 | D41: S-06 | E41: 로딩 상태 표시 | F41: 추천 조회가 1초 이상 걸리면, 시스템은 로딩 중임을 표시해야 한다. | G41: Given 추천 조회 응답에 2초가 걸림 When 추천 목록을 조회한다 Then 요청 1초 뒤부터 응답이 올 때까지 로딩 표시가 나타난다 Given 추천 조회 응답이 0.5초 만에 옴 When 추천 목록을 조회한다 Then 로딩 표시가 나타나지 않는다 | H41: Could | I41: 1단계 | J41: S7 | K41: REQ-001,008,021 | L41: 빈 화면을 오류로 오인 방지 | M41: 백강욱 / 진아 | N41: 확정 | P41: 2026-09-26 | Q41: [v0.92 신규] / [v0.94] 인수 기준 추가 / [v0.104 수정] Should → Could (D-62)
A42: SFR-004 | B42: 추천 목록(예비) | C42: 기능 | D42: S-06 | E42: 목록 정렬 | F42: 시스템은 추천 후보를 이동시간순/거리순/가용병상순으로 정렬할 수 있어야 하며, 기본값은 이동시간순이다. | G42: Given A병원(3km, 이동 12분), B병원(5km, 이동 8분)이 후보에 있음 When 추천 목록 화면을 처음 연다 Then B병원이 A병원보다 위에 표시된다 And 정렬 기준 표시가 '이동시간순'이다 Given 같은 A·B병원이 표시된 상태 When 정렬 기준을 '거리순'으로 바꾼다 Then A병원이 B병원보다 위에 표시된다 | H42: Must | I42: 1단계 | J42: - | K42: REQ-001,008,021 | L42: 이송은 거리보다 실제 도착 시간이 중요 | N42: 삭제 | P42: 2026-09-26 | Q42: [v0.94] 인수 기준 추가 / [v0.104 수정] 삭제 — 이동시간순 고정(D-42), SFR-025와 중복 (D-62)
A43: SFR-005 | B43: 추천 목록(예비) | C43: 기능 | D43: S-06 | E43: 목록 자동 갱신 | F43: 시스템은 3분 주기로 목록을 자동 갱신해야 한다. (D-17 확정) | G43: Given 추천 목록이 기준 14:00 데이터로 표시 중 When 화면을 조작하지 않고 3분이 지난다 Then 목록이 자동으로 다시 조회되어 최신 데이터로 바뀐다 | H43: Should | I43: 1단계 | J43: - | K43: REQ-001,008,021 | L43: 병상 정보 최신성 유지 | N43: 삭제 | O43: D-17 | P43: 2026-09-26 | Q43: 기존 1-6을 두 행으로 분리 / [v0.94] 인수 기준 추가 / [v0.104 수정] 삭제 — 예비 목록은 수동 새로고침(SFR-006)으로 충분 (D-62)
A44: SFR-013 | B44: 추천 목록(예비) | C44: 기능 | D44: S-06 | E44: 중증질환만 보기 토글 | F44: 시스템은 증상 선택과 별개로 '중증질환만 보기' 토글을 제공해야 하며, 켜면 중증질환 진료가능 항목(응급실 gate keeper 제외)이 1개 이상 '가능'인 병원만 추천 후보로 남겨야 한다. | G44: Given 추천 후보 8곳 중 중증질환 진료가능 항목이 1개 이상인 병원이 3곳임 When '중증질환만 보기'를 켠다 Then 추천 카드에 3곳만 표시된다 Given '중증질환만 보기'가 켜진 상태 When 토글을 끈다 Then 추천 카드가 후보 8곳 중 상위 5곳으로 다시 표시된다 | H44: Should | I44: 1단계 | J44: - | K44: REQ-001,008,021 | L44: 중증 환자 빠른 선별 | N44: 삭제 | P44: 2026-09-26 | Q44: [v0.96 수정] 필터 기준 명시, 상위 5개와의 충돌 해소 / [v0.104 수정] 삭제 — 증상 선택·병상 게이트와 역할 중복 (D-62)
A45: SFR-014 | B45: 추천 목록(예비) | C45: 기능 | D45: S-06 | E45: 지도 마커 클러스터링 | F45: 시스템은 병원이 밀집한 구역의 지도 마커를 숫자로 묶어 표시해야 한다. | G45: Given 지도 한 구역에 응급실 6곳이 몰려 있음 When 지도를 축소한다 Then 6개 마커가 숫자 '6'이 적힌 마커 하나로 묶여 표시된다 | H45: Could | I45: 1단계 | J45: - | K45: REQ-001,008,021 | L45: 도심 지도 가독성 | N45: 삭제 | P45: 2026-09-26 | Q45: [v0.94] 인수 기준 추가 / [v0.104 수정] 삭제 — 반경 안 병원 수가 적고 카드 5개 중심 (D-62)
A46: SFR-015 | B46: 추천 목록(예비) | C46: 기능 | D46: S-06 | E46: 데이터 기준 시각 표시 | F46: 시스템은 각 병원 카드에 데이터 기준 시각을 표시해야 한다. 캐시 데이터에도 동일하게 적용한다. (표시 형식 예: 기준 09.24 오후 12:59) | G46: Given A병원 데이터의 기준 시각이 09.24 12:59임 When 추천 목록 화면을 연다 Then A병원 카드에 '기준 09.24 오후 12:59'가 표시된다 | H46: Must | I46: 1단계 | J46: - | K46: REQ-001,008,021 | L46: 정보 신뢰도 판단 근거 | N46: 삭제 | O46: C-10 | P46: 2026-09-26 | Q46: [v0.94] 인수 기준 추가 / [v0.104 수정] 삭제 — SFR-081 문구표로 통합 (D-62)
A47: SFR-016 | B47: 추천 목록(예비) | C47: 기능 | D47: S-06 | E47: 추천 가능 개수 표시 | F47: 시스템은 목록 상단에 게이트를 통과한 추천 가능 응급실 총 개수를 표시해야 한다. (표시 형식 예: 추천 가능 9곳 중 상위 5곳) | G47: Given 게이트를 통과한 후보가 9곳임 When 추천 목록을 연다 Then 상단에 '추천 가능 9곳 중 상위 5곳'이 표시된다 | H47: Could | I47: 1단계 | J47: - | K47: REQ-001,008,021 | L47: 선택지 규모 즉시 파악 | N47: 삭제 | O47: C-05 | P47: 2026-09-26 | Q47: [v0.94] 인수 기준 추가 / [v0.104 수정] 삭제 — 판단에 필요 없는 부가 정보 (D-62)
A48: SFR-028 | B48: 추천 목록(예비) | C48: 에러처리 | D48: S-06 | E48: API 실패 시 참고용 안내 | F48: 만약 공공 데이터 조회가 실패하면, 시스템은 저장된 데이터를 데이터 상태 문구표(SFR-081)의 '참고용 정보' 문구와 함께 표시해야 한다. | G48: Given 공공 데이터 API가 응답하지 않고, 기준 13:50 저장 데이터가 있음 When 목록을 조회한다 Then 저장 데이터가 '참고용 정보 · 기준 13:50'과 함께 표시된다 Given 공공 데이터 API가 응답하지 않고 저장 데이터도 없음 When 목록을 조회한다 Then 빈 화면 대신 '불러올 수 있는 병원 정보가 없습니다' 안내와 새로고침 버튼이 표시된다 | H48: Should | I48: 1단계 | J48: - | K48: REQ-002,005,024 | L48: 오래된 정보를 확정 정보로 오인 방지 | N48: 삭제 | O48: C-09 | P48: 2026-09-26 | Q48: [v0.99 수정] Must → Should (D-41) / [v0.94] 인수 기준 추가 / [v0.104 수정] 삭제 — SFR-008로 통합 (D-62)
A49: SFR-093 | B49: 추천 목록(예비) | C49: 기능 | D49: S-06 | E49: 병원 이름 검색 | F49: 시스템은 대원이 병원 이름으로 직접 검색해 병원 카드를 열 수 있게 해야 한다. | G49: Given 반경 안에 'A대학교병원'이 있음 When 검색창에 'A대학'을 입력한다 Then A대학교병원이 검색 결과에 표시된다 Given 검색 결과에 A대학교병원이 표시된 상태 When 결과를 누른다 Then A대학교병원 카드가 열린다 | H49: Could | I49: 1단계 | J49: - | K49: REQ-001,008,021 | L49: 이미 갈 병원을 아는 경우 | N49: 삭제 | P49: 2026-09-26 | Q49: [v0.92 신규] / [v0.94] 인수 기준 추가 / [v0.104 수정] 삭제 — 예비 흐름에서 쓸 일 거의 없음 (D-62)
A50: SFR-007 | B50: 병원 상세 | C50: 기능 | D50: S-07 | E50: 병원 상세정보 조회 | F50: 대원이 병원 카드를 선택하면, 시스템은 진료과·연락처·병상 현황·중증질환 진료가능 항목을 상세 표시해야 한다. 병상은 응급실/중환자실/수술실로 나눠 '가용/전체' 형태(예: 응급실 9/13)로, 진료가능 항목은 공공 응급의료 데이터의 표준 표기 그대로(자체 태그 재정의 없음) 보여준다. | G50: Given 추천 목록에 A병원 카드가 있음 When A병원 카드를 누른다 Then 상세 화면에 진료과·연락처(직통/대표)·중증질환 진료가능 항목이 표시된다 Given A병원 병상 데이터가 응급실 9/13, 중환자실 2/10, 수술실 0/4임 When A병원 상세 화면을 연다 Then '응급실 9/13', '중환자실 2/10', '수술실 0/4'가 구분되어 표시된다 Given 공공 데이터에서 A병원의 '[재관류중재술] 심근경색'이 '가능'으로 제공됨 When A병원 상세 화면을 연다 Then 그 항목이 공공 데이터 표기 그대로 표시된다 | H50: Must | I50: 1단계 | J50: S1 | K50: REQ-001,008,021 | L50: 전화 전 병원 조건 확인 | M50: 백강욱 / 진아 | N50: 확정 | O50: D-01, D-95 | P50: 2026-09-26 | Q50: [v0.96 수정] '수용 가능 질환' → '중증질환 진료가능 항목'(C-16) / [v0.109 수정] SFR-010(병상 3종)·011(진료가능 태그) 통합
A51: SFR-010 | B51: 병원 상세 | C51: 기능 | D51: S-07 | E51: 병상 3종 분리 표시 | F51: 시스템은 병상 정보를 응급실/중환자실/수술실로 나눠 각각 '가용/전체' 형태로 표시해야 한다. (표시 형식 예: 응급실 9/13) | G51: Given A병원 병상 데이터가 응급실 9/13, 중환자실 2/10, 수술실 0/4임 When A병원 상세 화면을 연다 Then '응급실 9/13', '중환자실 2/10', '수술실 0/4'가 구분되어 표시된다 | H51: Must | I51: 1단계 | J51: - | K51: REQ-001,008,021 | L51: 증상별 필요한 병상 종류가 다름 | N51: 삭제 | P51: 2026-09-26 | Q51: [v0.94] 인수 기준 추가 / [v0.109 수정] 삭제 — SFR-007(병원 상세)에 통합 (D-95)
A52: SFR-011 | B52: 병원 상세 | C52: 기능 | D52: S-07 | E52: 진료가능 태그 표시 | F52: 시스템은 병원별 진료가능 항목을 공공 응급의료 데이터의 표준 태그로 표시해야 한다. 자체 태그는 재정의하지 않는다. | G52: Given 공공 데이터에서 A병원의 '[재관류중재술] 심근경색', '[뇌출혈수술] 거미막하출혈'이 '가능'으로 제공됨 When A병원 상세 화면을 연다 Then 두 항목이 공공 데이터 표기 그대로 표시된다 | H52: Must | I52: 1단계 | J52: - | K52: REQ-001,008,021 | L52: 공공데이터와 매핑 불일치 방지 | N52: 삭제 | O52: D-01 | P52: 2026-09-26 | Q52: [v0.96 수정] 태그 이름을 공공 데이터 항목명으로 통일 / [v0.109 수정] 삭제 — SFR-007(병원 상세)에 통합 (D-95)
A53: SFR-032 | B53: 전화 확인(예비) | C53: 기능 | D53: S-08 | E53: 예비 흐름 전화 확인 | F53: 병원 승인이 없어 예비 흐름(SFR-112)으로 들어온 뒤 대원이 추천 병원의 경로 안내를 요청하면, 시스템은 전화 확인 화면을 먼저 표시하고 결과를 고르기 전에는 경로 안내를 시작하지 않아야 한다. '수용 확정'·'연결 실패'·'확인 생략' 중 하나를 고르면 경로 안내를 시작하고('연결 실패'·'확인 생략'은 사유를 병원 미응답·통화 중·긴급 이송 필요·기타 중 1개 선택), '거절'이면 SFR-074를 따른다. | G53: Given 병원 승인 없이 예비 흐름으로 전환된 상태 When 추천 목록에서 A병원의 '경로 안내'를 누른다 Then 전화 확인 화면이 표시되고 결과를 고르기 전에는 경로 안내가 시작되지 않는다 Given 예비 흐름, A병원 전화 확인 화면 When '연결 실패'와 사유 '병원 미응답'을 선택한다 Then 사유가 이송 건에 기록되고 경로 안내가 시작된다 | H53: Must | I53: 1단계 | J53: S4 | K53: REQ-006,030 | L53: 앱 정보만 믿고 이동 시 거절 위험 / 단, 병원 미응답으로 출발이 막히면 안 됨 | M53: 백강욱 / 진아 | N53: 확정 | O53: D-36, C-06 | P53: 2026-09-26 | Q53: [v0.96 수정] 사유 입력 방식·강제 조건 명시 / [v0.98 수정] 전화 확인은 병원 승인이 없을 때의 예비 흐름으로 변경, KTAS 조건 제거 (D-36) / [v0.103 수정] S5 → S3 (예비 흐름 전화 확인이 S3에 동작 — 거절 기록 SFR-043은 S5, 오류 5) | R53: SFR-112, SFR-086
A54: SFR-033 | B54: 전화 확인(예비) | C54: 기능 | D54: S-08 | E54: 원터치 전화 | F54: 시스템은 응급실 직통번호와 대표번호를 분리한 원터치 전화 버튼을 제공해야 한다. | G54: Given A병원의 응급실 직통번호와 대표번호가 모두 있음 When A병원 카드를 연다 Then '응급실 직통'과 '대표번호' 버튼이 따로 표시된다 Given 같은 화면 When '응급실 직통' 버튼을 누른다 Then 번호 입력 없이 직통번호로 전화 연결 화면이 열린다 | H54: Must | I54: 1단계 | J54: S4 | K54: REQ-006,030 | L54: 이송 중 번호 입력 불가 | M54: 백강욱 / 진아 | N54: 확정 | P54: 2026-09-26 | Q54: [v0.94] 인수 기준 추가 / [v0.103 수정] S5 → S3 (예비 흐름 전화 확인이 S3에 동작 — 거절 기록 SFR-043은 S5, 오류 5)
A55: SFR-034 | B55: 전화 확인(예비) | C55: 기능 | D55: S-08 | E55: 전화 확인 결과 기록 | F55: 전화 확인 후, 시스템은 결과(수용 확정/거절/연결 실패/확인 생략)와 시각을 현재 이송 건(SFR-086)에 기록해야 한다. | G55: Given A병원 이송 건이 '전화 확인' 상태 When 14:05에 '수용 확정'을 선택한다 Then 이송 건에 결과 '수용 확정'과 시각 14:05가 기록된다 | H55: Must | I55: 1단계 | J55: S4 | K55: REQ-006,030 | L55: 거절 데이터 축적(SFR-126)의 입력원 | M55: 백강욱 / 진아 | N55: 확정 | O55: C-06 | P55: 2026-09-26 | Q55: [v0.96 수정] Should→Must (Must 요구사항의 선행, C-15) / [v0.100 수정] 옛 번호 체계 참조 정리 / [v0.94] 인수 기준 추가 / [v0.103 수정] S5 → S3 (예비 흐름 전화 확인이 S3에 동작 — 거절 기록 SFR-043은 S5, 오류 5) | R55: SFR-086
A56: SFR-044 | B56: 전화 확인(예비) | C56: 기능 | D56: S-08 | E56: 거절 사유 입력 | F56: 대원이 예비 흐름 전화 확인에서 '거절'을 고르면, 시스템은 거절 사유(응급실 병상 부족·수술실 부족·입원실 부족·중환자실 부족·해당 전문의 부재·의료장비 고장(CT 등)·기타(20자 입력), 구급활동일지 재이송 사유와 대응: 부록 G)를 선택 입력받아 그 이송 건 기록과 거절 기록(출처 '전화 확인', SFR-126)에 저장해야 한다. 병원 웹 거절(SFR-119)과 같은 사유 목록을 쓰며, 병원 거절 통계의 기본 수치에는 넣지 않고 출처별로 따로 집계한다(SFR-126). | G56: Given 전화 확인에서 '거절'을 선택함 When 사유 '응급실 병상 부족'을 선택한다 Then 이송 건 기록에 '응급실 병상 부족'이 저장되고 병원 거절 횟수는 바뀌지 않는다 Given 전화 확인에서 '거절'을 선택함 When 사유를 고르지 않고 넘어간다 Then 사유 없이 기록되고 다음 후보가 제시된다 | H56: Should | I56: 1단계 | J56: S7 | K56: REQ-034,035 | L56: 거절 패턴 분석 | M56: 백강욱 / 진아 | N56: 확정 | O56: D-66, D-67, D-115 | P56: 2026-10-25 | Q56: [v0.94] 인수 기준 추가 / [v0.103 수정] 사유 4개로 통일 (오류 22) / [v0.107 수정] 사유 6개로 변경, 이송 건 기록에만 저장 (D-66, D-67) / [v1.4 수정] 거절 사유를 구급활동일지 재이송 사유 분류에 맞춤(환자 과밀 → 응급실 병상 부족에 포함) (CR-004, D-115) / [v1.4 수정] Could → Should, 거절 기록 축적
A57: SFR-074 | B57: 전화 확인(예비) | C57: 기능 | D57: S-08 | E57: 거절 시 다음 후보 제시 | F57: 전화 확인에서 '거절'을 선택하면, 시스템은 해당 병원을 현재 이송 건(SFR-086)의 추천에서 내리고, 추천 산출 결과(SFR-098) 전체에서 제외 병원(SFR-086)을 뺀 다음 순서 병원의 전화 확인 화면을 바로 제시해야 한다. 남은 후보가 없으면 '예비 추천'으로 돌아가 SFR-029 안내를 표시한다. | G57: Given 1순위 A병원 전화 확인 중 When '거절' 선택 Then A는 추천에서 내려가고 2순위 B병원 전화 확인 화면 표시 | H57: Must | I57: 1단계 | J57: S4 | K57: REQ-006,030 | L57: 구급대원 앱 핵심 흐름(재요청) | M57: 백강욱 / 진아 | N57: 확정 | P57: 2026-10-12 | Q57: [v0.96 수정] '다음 순위 후보' 범위 정의 / [v0.103 수정] S5 → S3 (예비 흐름 전화 확인이 S3에 끝까지 동작) / [v1.3 수정] 제외 병원은 SFR-086 참조만 (CR-003) | R57: SFR-034, SFR-098, SFR-029
A58: SFR-075 | B58: 전화 확인(예비) | C58: 에러처리 | D58: S-08 | E58: 전화 결과 미선택 처리 | F58: 만약 대원이 결과를 선택하지 않고 전화 확인 화면을 닫으면, 시스템은 경로 안내를 시작하지 않고 이송 건을 '예비 추천' 상태로 되돌린 뒤 추천 목록으로 돌아가야 한다. | G58: Given A병원 전화 확인 화면 When 결과를 고르지 않고 화면을 닫는다 Then 경로 안내가 시작되지 않고 추천 목록으로 돌아간다 Given 전화 확인 화면을 닫고 추천 목록으로 돌아온 상태 When A병원 경로 안내를 다시 요청한다 Then 전화 확인 화면이 다시 표시된다 | H58: Should | I58: 1단계 | J58: S4 | K58: REQ-006,030 | L58: 의도치 않은 출발 방지 | M58: 백강욱 / 진아 | N58: 확정 | P58: 2026-09-26 | Q58: [v0.96 수정] 이송 건 상태 명시(상태 전이표) / [v0.98 수정] 닫으면 '예비 추천'으로 복귀 (부록 A) / [v0.94] 인수 기준 추가 / [v0.103 수정] S5 → S3 (예비 흐름 전화 확인이 S3에 끝까지 동작) | R58: SFR-086
A59: SFR-031 | B59: 경로 안내 | C59: 기능 | D59: S-09 | E59: 경로 안내 시작 | F59: 대원이 승인 병원을 선택하거나(SFR-111) 예비 흐름에서 전화 확인을 마치면(SFR-032), 시스템은 해당 병원까지의 경로 안내를 시작해야 한다. 앱 안 안내를 우선하되, 앱 안 안내를 쓸 수 없으면 외부 내비 앱에 목적지를 넘겨 안내를 시작해도 된다. (연동 수단: COR-003) | G59: Given B병원이 승인해 대원이 B병원을 선택함 When 선택이 확정된다 Then 앱 안에서 또는 외부 내비 앱에서 B병원까지 경로 안내가 시작되고 And 이송 건 상태가 '이동 중'이 된다 | H59: Must | I59: 1단계 | J59: S3 | K59: REQ-006,030 | L59: 이송 결정 후 즉시 출발 | M59: 백강욱 / 진아 | N59: 확정 | O59: D-26, D-91 | P59: 2026-09-26 | Q59: [v0.92 수정] 구현 수단(TMAP SDK)을 제약사항으로 분리 / [v0.98 수정] 승인 병원 선택 또는 예비 흐름 전화 확인 후 시작 / [v0.103 수정] 관련 결정 D-16(번복) → D-26 (오류 8) / [v0.108 수정] 앱 안 안내 또는 외부 내비 앱으로 목적지 전달 둘 다 충족 (D-91) | R59: SFR-111
A60: SFR-035 | B60: 경로 안내 | C60: 에러처리 | D60: S-09 | E60: 경로 안내 실패 대체 | F60: 만약 앱 안 경로 안내가 시작되지 않거나 중단되면, 시스템은 목적지 이름·좌표를 담아 외부 내비 앱(COR-003)으로 길안내를 넘겨야 하며, 앱이 설치되어 있지 않으면 설치 페이지를 연다. | G60: Given A병원 경로 안내를 요청함 When 앱 안 경로 안내가 오류로 시작되지 않는다 Then '외부 내비 앱으로 안내' 버튼이 표시된다 Given '외부 내비 앱으로 안내' 버튼이 표시되고 외부 내비 앱이 설치된 단말 When 버튼을 누른다 Then A병원이 목적지로 입력된 외부 내비 앱 길안내가 시작된다 | H60: Should | I60: 1단계 | J60: S7 | K60: REQ-006,030 | L60: 경로 안내 단절 방지 | M60: 백강욱 / 진아 | N60: 확정 | O60: D-26, C-07 | P60: 2026-10-12 | Q60: [v0.92 수정] 구현 수단 명칭 제거 / [v0.99 수정] 대체 수단을 카카오내비 앱 호출로 (D-26) / [v0.103 수정] 관련 결정 D-16(번복) → D-26 (오류 8) / [v0.108 수정] 외부 내비 앱 이름은 제약사항으로 (규칙 6, 검토) / [v1.3 일정] S6 → S7 (스프린트 재분배, D-108)
A61: SFR-097 | B61: 경로 안내 | C61: 기능 | D61: S-09 | E61: 경로 안내 중 전화 버튼 유지 | F61: 경로 안내 중인 동안, 시스템은 목적지 병원 전화 버튼을 화면에 계속 표시해야 한다. | G61: Given A병원으로 경로 안내가 시작됨 When 경로 안내 화면이 표시된다 Then A병원 전화 버튼이 화면에 표시된다 Given 경로 안내 중 When A병원 전화 버튼을 누른다 Then A병원으로 전화가 연결되고 경로 안내는 계속된다 | H61: Should | I61: 1단계 | J61: S7 | K61: REQ-006,030 | L61: 이동 중 병원 재연락 대응 | M61: 백강욱 / 진아 | N61: 확정 | P61: 2026-10-12 | Q61: [v0.92 신규] / [v0.94] 인수 기준 추가 / [v1.3 일정] S6 → S7 (스프린트 재분배, D-108)
A62: SFR-076 | B62: 이송 관리 | C62: 기능 | D62: S-09 | E62: 이송 취소 | F62: 진행 중인 모든 상태(요청 중·예비 추천·전화 확인·이동 중)에서 대원이 '이송 취소'를 선택하면, 시스템은 경로 안내(위치 기록 중이면 위치 기록도)를 종료하고 이송 건을 '취소' 상태로 바꾸며, 요청을 받은 병원 웹(확정 병원 포함)에 '이송 취소'를 표시한 뒤 환자 정보 입력 화면으로 돌아가야 한다. | G62: Given A병원으로 경로 안내 중 When '이송 취소'를 누른다 Then 경로 안내(위치 기록 중이면 위치 기록도)가 멈추고 이송 건 상태가 '취소'가 된다 And A병원 웹의 요청 목록(SFR-135)에 '이송 취소'가 표시된다 Given 8곳에 요청하고 응답 대기 중 When '이송 취소'를 누른다 Then 8곳 병원 웹의 요청이 '취소됨'으로 바뀌고 응답 버튼이 비활성화된다 Given 예비 추천 목록을 보는 중 When '이송 취소'를 누른다 Then 이송 건이 '취소'가 되고 환자 정보 입력 화면으로 돌아간다 | H62: Must | I62: 1단계 | J62: S3 | K62: REQ-006,030 | L62: 환자 상태 변화·출동 취소 대응 | M62: 백강욱 / 진아 | N62: 확정 | P62: 2026-09-26 | Q62: [v0.98 수정] 병원 웹 취소 표시, 첫 화면 복귀 / [v0.100 수정] Must로, 진행 중 모든 상태에서 (D-49) | R62: SFR-086
A63: SFR-077 | B63: 이송 관리 | C63: 기능 | D63: S-09 | E63: 목적지 변경 | F63: 경로 안내 중 대원이 '목적지 변경'을 길게(1초) 누르고 사유(환자 상태 변화·도로 문제·병원 사정·기타)를 고르면, 시스템은 현재 목적지 병원 웹에 변경 알림을 보내고, 현재 위치 기준 반경 안 병원(현재 목적지 제외)에 이송 요청을 다시 보내야 한다(SFR-109). 목적지 변경은 이송 건 1건에 1번만 할 수 있고(병원 승인 취소 뒤 '다시 요청'(SFR-128)은 이 횟수에 세지 않는다), 이미 바꿨으면 '이송 취소' 후 새로 요청하도록 안내한다. 이전 목적지·사유·변경 시각을 기록한다. 다시 요청하는 동안에도 경로 안내(위치 기록 중이면 위치 기록도)는 유지하고, 소요시간은 처음 출발 시각 기준으로 계산한다(SFR-036·039). 제외 병원(SFR-086)은 새 요청에서 뺀다. 고른 병원 등급(SFR-162)은 그대로 유지한다. | G63: Given A병원으로 이동 중 When '목적지 변경'을 짧게 누른다 Then 아무 일도 일어나지 않고 '길게 누르세요'가 표시된다 Given A병원으로 이동 중 When '목적지 변경'을 길게 누르고 사유 '환자 상태 변화'를 고른다 Then A병원 웹에 '목적지 변경' 알림이 가고 And A병원을 뺀 현재 위치 기준 반경 안 병원에 새 이송 요청이 전송된다 Given 이번 이송 건에서 이미 목적지를 1번 바꿈 When '목적지 변경'을 길게 누른다 Then '목적지는 1번만 바꿀 수 있어요, 이송 취소 후 새로 요청하세요'가 표시된다 | H63: Should | I63: 1단계 | J63: S6 | K63: REQ-006,030 | L63: 이동 중 병원 거절·상태 악화 대응 | M63: 백강욱 / 진아 | N63: 확정 | O63: D-77, D-120 | P63: 2026-10-26 | Q63: [v0.96 수정] 이송 건 상태 명시(상태 전이표) / [v0.98 수정] 새 흐름: 병원에 다시 요청 / [v0.107 수정] 길게 눌러 실행, 사유 필수, 이송 건당 1번 (D-77) / [v1.3 수정] 제외 병원은 SFR-086 참조만 (CR-003) / [v1.3 수정] '다시 요청'은 목적지 변경 횟수에 안 셈 (CR-003) / [v1.4.1 수정] 병원 등급 유지 (CR-005) | R63: SFR-109
A64: SFR-086 | B64: 이송 관리 | C64: 기능 | D64: S-09 | E64: 이송 건 상태 관리 | F64: 대원이 '병원에 요청'을 누르면(요청을 실제로 보냈는지와 무관하게) 시스템은 이송 건을 생성하고, 상태(요청 중·예비 추천·전화 확인·이동 중·도착·취소)를 10_부록 A 상태 전이표에 정의된 경우에만 바꾸며, 상태마다 변경 시각을 기록해야 한다. 이송 건은 진행 중에는 요청한 팀과 연결하고, 종료(도착·취소) 시 팀 연결을 끊으며, 기록은 DAR-013에 따라 보관한다. 진행 중인 이송 건에 마지막 활동(입력·병원 응답·상태 변경, 위치 기록은 제외) 후 2시간 동안 변화가 없으면 '취소'(사유 '자동 종료')로 끝낸다. 이송 건 ID는 처음 만든 단말이 정하는 고유 ID(UUID)이며, 통신 두절 중 만든 예비 추천 건도 같은 ID로 복구 때 서버에 등록한다(SFR-099). 데이터는 이송 건 1 : N 요청 회차(보낸 시각·반경) 1 : N 병원 요청으로 두고, 2분 응답 제한·5분 승인 유효는 회차 단위로 센다(병원 요청 상태: 10_부록 A-2). 이송 건에는 '요청한 병원' 목록을 저장한다. 제외 병원(이번 이송 기준) = 병원 웹에서 거절한 병원('잠시 요청 중지' 자동 거절 제외), 승인을 취소한 병원, 전화 확인에서 거절한 병원, 10분 안에 이어진 직전 이송 건의 수용 불가 병원이며, 서버의 한 규칙으로 계산해 SFR-074·077·112·128·131·157에 똑같이 쓴다. 종료(도착·취소) 후 10분 동안은 수용 불가 알림(SFR-158)·직전 환자 정보(SFR-157)·구급활동일지 초안(SFR-164)을 위해 병원·팀 연결을 기억한 뒤 지운다. | G64: Given 대원이 병원 8곳에 이송 요청을 보냄 When B병원이 승인하고 대원이 B병원을 선택한다 Then 이송 건 상태가 요청 중→이동 중 순으로 시각과 함께 기록된다 Given 요청 후 2분 동안 승인이 없음 When 제한 시간이 끝난다 Then 이송 건 상태가 '예비 추천'이 된다 Given '예비 추천' 상태에서 2시간 동안 아무 활동이 없음 When 2시간이 지난다 Then 이송 건이 '취소'(자동 종료)로 끝나고 새 요청을 보낼 수 있다 | H64: Must | I64: 1단계 | J64: S3 | K64: REQ-006,030 | L64: 전화 확인·경로 안내·도착 감지·재요청이 모두 기대는 뼈대 | M64: 백강욱 / 진아 | N64: 확정 | O64: C-14, D-77, D-94, D-96, D-124 | P64: 2026-10-26 | Q64: [v0.92 신규] SFR-034·074·038이 전제하는 상태 모델 / [v0.96 수정] 상태 전이표(10_부록 A)로 규칙 정의(C-14) / [v0.98 수정] 상태에 '요청 중'·'예비 추천' 추가 (부록 A) / [v0.100 수정] 팀 연결, 자동 종료 기준 '마지막 활동 후 2시간' (D-47, D-49) / [v0.103 수정] 생성 시점 명확화 (오류 16) / [v0.103 수정] 팀 필수(D-61)에 맞게 문장 정리 / [v0.107 수정] 도착 후 10분 연결 유지, 도착 방식 (검토 1·10) / [v0.110 수정] 개발 충돌 점검 (D-96) / [v1.4.1 수정] 도착 후 10분 → 종료(도착·취소) 후 10분 (CR-005) | R64: SFR-018
A65: SFR-104 | B65: 이송 관리 | C65: 기능 | D65: S-09 | E65: 진행 중 이송 건 1개 제한 | F65: 대원이 속한 팀에 진행 중(요청 중·예비 추천·전화 확인·이동 중)인 이송 건이 있으면, 시스템은 새 이송 건을 만들지 않고 진행 중인 이송 화면으로 이동해야 한다. 단, 진행 중 건이 '이동 중'이면 '이전 이송(○○병원)을 도착으로 끝내고 새로 요청할까요?'를 묻고, 대원이 확인하면 이전 건을 도착 처리한 뒤 새 이송 건을 만든다. 팀당 진행 중 이송 건 1건은 서버가 팀 기준으로 강제해, 두 팀원이 동시에 눌러도 1건만 생긴다. | G65: Given A병원으로 이동 중 When 환자 정보 입력 화면에서 '병원에 요청'을 누른다 Then 'A병원 이송을 도착으로 끝내고 새로 요청할까요?'가 표시되고 And '아니요'를 누르면 새 이송 건 없이 A병원 이송 화면으로 이동한다 Given 김도윤·이하준이 한 팀이고 김도윤이 요청을 보내 '요청 중' When 이하준이 '병원에 요청'을 누른다 Then 새 요청이 만들어지지 않고 이하준 화면에도 같은 요청의 응답 대기 화면이 표시된다 Given 같은 질문에서 When '예'를 누른다 Then A병원 이송 건이 '도착'으로 끝나고 새 요청이 전송된다 | H65: Must | I65: 1단계 | J65: S3 | K65: REQ-006,030 | L65: 이송 건 중복 생성으로 상태·도착 기록이 엉키는 것 방지 | M65: 백강욱 / 진아 | N65: 확정 | O65: D-94, D-96 | P65: 2026-09-26 | Q65: [v0.97 신규] 상태 전이표 A 반영 / [v0.98 수정] '요청 중' 상태 포함 / [v0.100 수정] 팀 단위 적용 (D-47) / [v0.103 수정] S4 → S3 (오류 15) / [v0.103 수정] 인수 기준 새 흐름으로 (오류 17) / [v0.103 수정] 팀 필수(D-61)에 맞게 문장 정리 / [v0.108 수정] 도착을 잊은 이동 중 건이 있으면 끝내고 새로 요청할지 묻기 (검토) / [v0.110 수정] 개발 충돌 점검 (D-96) | R65: SFR-086
A66: SFR-105 | B66: 이송 관리 | C66: 기능 | D66: S-09 | E66: 요청·이동 중 환자 정보 갱신 | F66: 요청 중 또는 이동 중에 대원(또는 팀원)이 환자 평가 정보(SFR-108)를 수정하면, 시스템은 바뀐 항목을 모아 두고 '변경 사항 보내기(n)' 버튼을 보여야 하며, 누르면 요청 중이면 응답이 끝나지 않은 병원과 승인 병원 전체에, 이동 중이면 목적지 병원에 한 번에 전송하고 병원 웹에서 바뀐 항목을 강조 표시한다. 바뀌기 전후 값과 시각은 이송 건에 기록한다. '변경 사항 보내기(n)'의 n은 서버가 마지막으로 보낸 값과 작성 중 정보를 비교해 계산하며, 팀원 모두에게 같은 n이 보이고 누가 눌러도 한 번만 전송된다. | G66: Given B병원으로 이동 중, 산소포화도 95%로 전송됨 When 산소포화도를 88%로 수정하고 '변경 사항 보내기'를 누른다 Then B병원 웹의 요청 상세에서 산소포화도가 88%로 바뀌고 강조 표시된다 And 변경 전후 값과 시각이 이송 건에 기록된다 Given 8곳에 요청 중, 3곳 대기·1곳 승인 When 팀원이 의식 수준을 '통증에 반응'으로 수정하고 '변경 사항 보내기'를 누른다 Then 대기 3곳과 승인 1곳의 병원 웹에 바뀐 값이 강조 표시된다 Given B병원으로 이동 중 When 혈압과 맥박을 고치고 아직 보내지 않는다 Then B병원 웹에는 바뀐 값이 아직 표시되지 않고 앱에 '변경 사항 보내기(2)'가 보인다 | H66: Should | I66: 1단계 | J66: S6 | K66: REQ-006,030 | L66: 이송 중 환자 상태 악화 대응 | M66: 백강욱 / 진아 | N66: 확정 | O66: D-94, D-96 | P66: 2026-09-26 | Q66: [v0.97 신규] 상태 전이표 A 반영 / [v0.98 수정] KTAS 선택 입력화에 따라 환자 정보 갱신 전송으로 변경 / [v0.100 수정] '요청 중' 수정도 병원에 반영 (D-47) / [v0.108 수정] '변경 사항 보내기' 버튼으로 한 번에 전송 (검토) / [v0.110 수정] 개발 충돌 점검 (D-96) | R66: SFR-111, SFR-108
A67: SFR-133 | B67: 이송 관리 | C67: 기능 | D67: S-05 | E67: 앱 재실행 시 진행 중 이송 복구 | F67: 앱이 종료되었다가 다시 실행되면, 시스템은 서버에서 대원 팀의 진행 중 이송 건(요청 중·예비 추천·전화 확인·이동 중)을 불러와 해당 상태 화면(응답 대기·추천 목록·전화 확인·경로 안내)으로 바로 이동해야 한다. 이동 중이었다면 경로 안내를 다시 시작하고, 위치정보 수집에 동의한 경우에만(SFR-041) 위치 기록도 다시 시작한다. | G67: Given 8곳에 요청을 보내 '요청 중'인 상태에서 앱이 강제 종료됨 When 앱을 다시 실행한다 Then 환자 정보 입력 화면이 아니라 응답 대기 화면이 열리고 그동안 온 병원 응답이 표시된다 Given B병원으로 이동 중에 폰이 재부팅됨 When 앱을 다시 실행한다 Then B병원 경로 안내가 다시 시작된다 | H67: Must | I67: 1단계 | J67: S4 | K67: 9/29 회의 | L67: 요청 중 앱이 꺼져도 병원 응답을 놓치지 않도록 | M67: 백강욱 / 진아 | N67: 확정 | O67: D-63, D-94 | P67: 2026-09-26 | Q67: [v0.105 신규] 추가 요구사항 / [v0.108 수정] 위치 동의 조건·단말 1대·출발 시각 유지 (검토) | R67: SFR-086
A68: SFR-157 | B68: 이송 관리 | C68: 기능 | D68: S-09 | E68: 직전 환자 정보 채워두기 | F68: 이송 건이 도착 또는 취소로 끝난 뒤 10분 동안, 시스템은 그 팀의 환자 정보 입력 화면(작성 중 환자 정보, SFR-114 이전에는 단말)에 직전 환자 정보를 채워 두고 상단에 '직전 환자 정보 · 지우기'를 표시해야 한다. 대원은 고쳐서 바로 '병원에 요청'할 수 있고, '지우기'를 누르거나 10분이 지나면 비운다. 직전 환자 정보는 이송 건 기록과 별도로 보관하지 않는다. 새 이송 건을 만들 때 직전 이송 건 ID를 함께 보내, 서버가 직전 건의 제외 병원(수용 불가 병원 포함)을 이어서 쓴다. | G68: Given A병원 도착 처리 3분 뒤 응급실 앞에서 수용을 거절당함 When 환자 정보 입력 화면을 연다 Then 직전 환자 정보가 채워져 있고 '병원에 요청'을 바로 누를 수 있다 Given 이송이 끝난 지 11분 When 환자 정보 입력 화면을 연다 Then 빈 입력 화면이 표시된다 Given 직전 환자 정보가 채워진 상태 When '지우기'를 누른다 Then 모든 항목이 비워진다 | H68: Should | I68: 1단계 | J68: S6 | K68: 9/30 회의 | L68: 응급실 앞에서 거절당했을 때 처음부터 다시 입력하지 않게 (비용을 줄인 방식) | M68: 백강욱 / 진아 | N68: 확정 | O68: D-77, D-88, D-96 | P68: 2026-09-26 | Q68: [v0.107 신규] 9/30 회의·PM 결정 / [v0.108 수정] '도착 후 다른 병원 찾기' 단순화: 단말이 직전 환자 정보를 10분 동안 채워둠 (D-88) / [v0.110 수정] 개발 충돌 점검 (D-96) | R68: SFR-107
A69: SFR-036 | B69: 위치 기록·도착 | C69: 기능 | D69: S-10 | E69: 출발 기록 시작 | F69: 경로 안내가 시작되면, 시스템은 이송 건에 출발 시각이 없을 때만 출발 시각을 기록하고(다시 요청 뒤 재출발해도 처음 시각 유지), 위치정보 수집에 동의한 경우에만(SFR-041) 경로 안내를 시작한 단말 1대에서 위치 기록을 시작해야 한다. | G69: Given 대원이 승인한 B병원을 선택함 When 경로 안내가 시작된다 Then 이송 건에 출발 시각이 기록된다 And 위치 기록이 시작된다 Given A병원 전화 확인에서 '수용 확정'을 선택함 When 경로 안내가 시작된다 Then 이송 건에 출발 시각이 기록된다 And 위치 기록이 시작된다 | H69: Should | I69: 1단계 | J69: S5 | K69: REQ-031,032 | L69: 실제 소요시간 산출 | M69: 백강욱 / 진아 | N69: 확정 | O69: D-80, D-94 | P69: 2026-09-26 | Q69: [v0.96 수정] Should→Must (Must 요구사항의 선행, C-15) / [v0.94] 인수 기준 추가 / [v0.103 수정] 기본 흐름(승인 병원 선택) 시나리오 추가 (오류 18) / [v0.108 수정] Must → Should (핵심 흐름이 기대지 않음, D-80) / [v0.108 수정] 위치 동의 조건·단말 1대·출발 시각 유지 (검토) | R69: SFR-031
A70: SFR-037 | B70: 위치 기록·도착 | C70: 기능 | D70: S-10 | E70: 주기적 위치 기록 | F70: 출발 시각이 기록된 뒤 이송이 끝날 때까지(다시 요청으로 '요청 중'이 되어도 계속), 시스템은 위치정보 수집에 동의한 경우에만(SFR-041) 경로 안내를 시작한 단말 1대에서 5초 이하 간격으로 위치를 기록해야 한다. (도착 버튼 표시·소요시간 계산 목적) 담당 단말은 최신 좌표를 5초마다 서버에 보내고, 서버는 이송이 끝나면 즉시 익명 이송 경로로 바꾸고 원본은 지운다(SER-002). | G70: Given A병원으로 이동 중 When 1분이 지난다 Then 위치 기록이 12건 이상 쌓여 있다 (5초 이하 간격) | H70: Should | I70: 1단계 | J70: S5 | K70: REQ-031,032 | L70: 도착 감지의 입력 | M70: 백강욱 / 진아 | N70: 확정 | O70: C-01, D-68, D-80, D-94, D-96, D-124 | P70: 2026-10-26 | Q70: [v0.92 수정] '서버 전송' 구현 방식 제거 / [v0.96 수정] Should→Must (Must 요구사항의 선행, C-15) / [v0.94] 인수 기준 추가 / [v0.108 수정] Must → Should (핵심 흐름이 기대지 않음, D-80) / [v0.108 수정] 위치 동의 조건·단말 1대·출발 시각 유지 (검토) / [v0.110 수정] 개발 충돌 점검 (D-96) / [v1.4.1 수정] 즉시 삭제 → 익명화 문구 맞춤 (CR-005) | R70: SFR-036, SFR-092
A71: SFR-038 | B71: 위치 기록·도착 | C71: 기능 | D71: S-10 | E71: 도착 버튼 표시 | F71: 이동 중, 대원 위치가 목적지 응급실 입구 좌표(SFR-145, 없으면 공공 데이터 병원 좌표)로부터 '거리 − GPS 오차 ≤ 30m'이고 속도가 시속 10km 이하이면, 시스템은 경로 안내를 시작한 단말 화면에 큰 '도착 처리할까요?' 버튼을 띄워야 한다. 도착 처리는 대원이 버튼을 눌러야 하며 자동으로 처리하지 않는다. 버튼을 닫거나 버튼이 뜨지 않아도 메뉴의 '도착'(SFR-080)으로 언제든 처리할 수 있다. | G71: Given 목적지 응급실 입구에서 25m, GPS 오차 10m, 시속 5km When 위치가 갱신된다 Then '도착 처리할까요?' 버튼이 뜨고 And 아직 도착 처리되지 않는다 Given '도착 처리할까요?' 버튼이 뜬 상태 When 버튼을 누른다 Then 도착 처리되고 이동이 종료된다 Given 응급실 입구에서 45m, GPS 오차 10m, 시속 5km When 위치가 갱신된다 Then 버튼이 뜨지 않는다 Given 응급실 입구 20m 옆 도로를 시속 40km로 지나감 When 위치가 갱신된다 Then 버튼이 뜨지 않는다 | H71: Should | I71: 1단계 | J71: S5 | K71: REQ-031,032 | L71: GPS 오차(병원 주변 5~50m)와 병원 옆 도로 통과 오작동 방지 | M71: 백강욱 / 진아 | N71: 확정 | O71: D-68, D-80 | P71: 2026-09-26 | Q71: [v0.96 수정] Should→Must (Must 요구사항의 선행, C-15) / [v0.107 수정] 100m 자동 도착 → 30m + 저속이면 '도착 처리할까요?' 버튼, 처리는 대원이 누름 (D-68) / [v0.107 수정] 이름 변경: 도착 감지 → 도착 버튼 표시 / [v0.108 수정] Must → Should (핵심 흐름이 기대지 않음, D-80) | R71: SFR-037
A72: SFR-039 | B72: 위치 기록·도착 | C72: 기능 | D72: S-10 | E72: 소요시간 익명 저장 | F72: 도착 처리(도착 버튼 SFR-038, 메뉴 '도착' SFR-080, 병원 웹 도착 확인 SFR-144) 시, 시스템은 이동을 종료하고 출발시각·도착시각·소요시간·이동 거리·목적 병원ID만 대원 계정과 연결하지 않은 익명 데이터로 저장해야 한다. (보관: DAR-005) | G72: Given 대원 B가 14:05에 출발해 14:17에 A병원 도착 버튼을 누름 When 도착 처리된다 Then 출발 14:05·도착 14:17·소요 12분·A병원ID가 저장된다 And 저장된 기록에 대원 B의 계정 정보가 없다 Given A병원 이송 중 '이송 취소'를 누름 When 취소 처리된다 Then 익명 소요시간은 저장되지 않는다 | H72: Should | I72: 1단계 | J72: S5 | K72: REQ-031,032 | L72: 향후 보정계수 산출 데이터 | M72: 백강욱 / 진아 | N72: 확정 | O72: C-01, D-68 | P72: 2026-10-25 | Q72: [v0.96 수정] Should→Must (Must 요구사항의 선행, C-15) / [v0.94] 인수 기준 추가 / [v0.104 수정] Must → Should (용도였던 SFR-042·026이 범위 밖, D-62) / [v0.107 수정] 도착 감지 → 도착 처리 (D-68) / [v1.4 수정] 이동 거리 추가 (D-113) | R72: SFR-038
A73: SFR-040 | B73: 위치 기록·도착 | C73: 에러처리 | D73: S-10 | E73: 위치 이상치 제외 | F73: 시스템은 직전 좌표 대비 초속 60m(시속 약 216km)를 넘는 이동으로 계산되는 좌표를 이상치로 보고 도착 버튼 표시(SFR-038) 판정에 사용하지 않아야 한다. (기준값 초안) | G73: Given 목적지 800m 전을 이동 중인데, 1초 뒤 좌표가 목적지 50m 지점으로 기록됨 (초속 750m) When 도착 버튼 표시 여부를 판정한다 Then '도착 처리할까요?' 버튼이 뜨지 않고 경로 안내가 계속된다 | H73: Could | I73: 1단계 | J73: S7 | K73: REQ-031,032 | L73: 소요시간 왜곡 방지 | M73: 백강욱 / 진아 | N73: 확정 | O73: D-68 | P73: 2026-09-26 | Q73: [v0.92 수정] '불안정하면' 모호어 → 수치 기준으로 구체화 / [v0.96 수정] 인수 기준이 요구사항을 검증하지 못하던 문제 수정: 대상을 도착 판정으로 / [v0.107 수정] 도착 버튼 방식 반영 (D-68)
A74: SFR-079 | B74: 위치 기록·도착 | C74: 기능 | D74: S-10 | E74: 백그라운드 위치 기록 | F74: 이송이 진행 중인 동안 화면이 꺼지거나 앱이 화면에 없어도, 시스템은 위치정보 수집에 동의한 경우에만(SFR-041) 이송 중임을 화면 맨 위에 표시한 상태(Android: '이송 중 · 위치 기록 중' 상단 알림, iOS: 상단 위치 사용 표시)로 위치 기록(SFR-037)을 유지해야 하며, 이송이 끝나면 표시와 기록을 멈춘다. 위치 권한은 '앱 사용 중 허용'만 요청하고 '항상 허용'(백그라운드 위치 권한)은 요청하지 않는다. (OS별 방식: COR-014) | G74: Given A병원으로 경로 안내 중 When 화면을 끄고 2분이 지난다 Then 그 2분 동안의 위치 기록이 끊기지 않고 저장되어 있다 And 화면 맨 위에 이송 중 표시(Android 상단 알림 · iOS 위치 사용 표시)가 떠 있다 Given A병원에 도착 처리함 When 도착 처리가 끝난다 Then 이송 중 표시가 사라지고 위치 기록이 멈춘다 Given iPhone, 위치 권한 '앱 사용 중 허용', A병원으로 경로 안내 중 When 다른 앱으로 넘어가 2분이 지난다 Then 위치 기록이 끊기지 않고, '항상 허용' 권한 요청은 뜨지 않는다 | H74: Should | I74: 1단계 | J74: S5 | K74: REQ-031,032 | L74: 이동 중 화면 꺼짐으로 기록이 끊기는 문제 | M74: 백강욱 / 진아 | N74: 확정 | O74: D-80, D-97 | P74: 2026-10-26 | Q74: / [v0.96 수정] Should→Must (Must 요구사항의 선행, C-15) / [v0.94] 인수 기준 추가 / [v0.108 수정] Must → Should (핵심 흐름이 기대지 않음, D-80) / [v0.108 수정] 백그라운드 위치 권한 대신 이동 중 포그라운드 서비스(상단 알림) 방식 (검토) / [v0.111 수정] OS 공통 문장 — Android 상단 알림 / iOS 위치 사용 표시 (D-97) / [v1.4.1 수정] 외부 내비 옛 문구 삭제 (CR-005) | R74: SFR-037
A75: SFR-080 | B75: 위치 기록·도착 | C75: 기능 | D75: S-10 | E75: 수동 도착 처리 | F75: 대원이 메뉴의 '도착'을 누르면, 시스템은 거리와 상관없이 이송 건을 '도착'으로 끝내고 경로 안내(위치 기록 중이면 위치 기록도)를 종료해야 한다. 도착 버튼(SFR-038)과 병원 웹 도착 확인(SFR-144)도 같은 처리를 한다. | G75: Given A병원 입구에서 80m라 '도착 처리할까요?' 버튼이 뜨지 않음 When 메뉴에서 '도착'을 누른다 Then 이송 건이 '도착'으로 끝나고 팀 연결이 해제된다 | H75: Must | I75: 1단계 | J75: S3 | K75: REQ-031,032 | L75: 도착 자동 감지 오작동 대비 | M75: 백강욱 / 진아 | N75: 확정 | O75: D-68 | P75: 2026-09-26 | Q75: [v0.100 수정] Must로 (D-49) / [v0.94] 인수 기준 추가 / [v0.107 수정] 메뉴 '도착'으로 거리와 상관없이 처리 (D-68) | R75: SFR-086
A76: SFR-059 | B76: 오프라인 | C76: 기능 | D76: S-11 | E76: 조회 결과 자동 저장 | F76: 조회에 성공할 때마다, 시스템은 결과를 단말에 자동 저장해야 한다. 저장 범위는 조회 위치의 시·군·구별 최근 10건이며, 기준 시각(서버 수집 시각)부터 10분이 지난 캐시는 삭제하지 않고 '참고용 정보'(SFR-081)로 표시한다. 저장 항목은 병원명·주소·좌표·연락처·병상 현황(3종)·진료가능 항목·예상 이동시간·데이터 기준 시각이다. | G76: Given 단말에 저장된 목록이 없음 When 천안 지역 목록 조회가 성공한다 Then 조회 결과가 단말에 자동 저장된다 Given 천안 지역 저장 결과가 이미 10건 있음 When 천안 지역 조회가 1번 더 성공한다 Then 가장 오래된 1건이 지워지고 10건이 유지된다 Given A병원이 포함된 목록 조회가 성공해 저장됨 When 네트워크를 끊고 A병원 카드를 연다 Then 병원명·주소·좌표·연락처·병상 3종·진료가능 항목·예상 이동시간·기준 시각이 모두 표시된다 | H76: Must | I76: 1단계 | J76: S5 | K76: 팀 논의(신규) | L76: 통신 두절 구간 대비 | M76: 백강욱 / 진아 | N76: 확정 | O76: D-12, D-13, C-13, D-80 | P76: 2026-09-26 | Q76: 단말 저장 방식은 설계 사항(D-14) / [v0.96 수정] '지역' 정의(C-13) / [v0.96 수정] 기준 시각 정의와 일치 / [v0.94] 인수 기준 추가 / [v0.108 수정] SFR-060(저장 항목) 통합 (D-80)
A77: SFR-061 | B77: 오프라인 | C77: 에러처리 | D77: S-11 | E77: 오프라인 시 캐시 표시 | F77: 단말에 네트워크 연결이 없으면, 시스템은 즉시 단말 저장 데이터로 목록을 표시해야 하며, 최신 기준이 지난 데이터도 기준 시각과 함께 표시해야 한다. 이때 전화 걸기 버튼은 활성 상태로 유지한다. 오프라인 추천은 앱이 다시 계산하지 않고 마지막 서버 추천 결과를 그대로 보여주며, 제외 병원(SFR-086)만 앱에서 뺀다. | G77: Given 30분 전 캐시 저장, 네트워크 끊김 When 병원 목록 열기 Then 캐시 목록이 기준 시각과 함께 표시되고 상단에 오프라인 표시 Given 데이터 네트워크 끊김 When 병원 카드를 확인한다 Then 전화 버튼이 활성 상태이고 누르면 통화가 연결된다 | H77: Must | I77: 1단계 | J77: S6 | K77: 팀 논의(신규) | L77: '아무것도 안 보임' 상태 방지 | M77: 백강욱 / 진아 | N77: 확정 | O77: C-03, D-80, D-96 | P77: 2026-09-26 | Q77: [v0.108 수정] SFR-063(오프라인 전화) 통합, 조건을 '네트워크 연결 없음'으로 (D-80, 검토) / [v0.110 수정] 개발 충돌 점검 (D-96) | R77: SFR-059
A78: SFR-062 | B78: 오프라인 | C78: 에러처리 | D78: S-11 | E78: 지도 미로드 시 텍스트 전환 | F78: 만약 지도 화면이 로드되지 않으면, 시스템은 지도 영역을 텍스트 리스트(병원명·거리·전화번호)로 자동 전환해야 한다. | G78: Given 네트워크가 끊겨 지도를 불러올 수 없고, 저장된 병원 목록이 있음 When 추천 화면을 연다 Then 지도 영역 대신 병원명·거리·전화번호 텍스트 리스트가 표시된다 Given 텍스트 리스트 상태에서 네트워크가 복구됨 When 지도 로드가 성공한다 Then 텍스트 리스트가 지도로 다시 바뀐다 | H78: Could | I78: 1단계 | J78: S7 | K78: 팀 논의(신규) | L78: 빠른 판단에 필요한 핵심 정보 유지 | M78: 백강욱 / 진아 | N78: 확정 | O78: D-15 | P78: 2026-09-26 | Q78: [v0.99 수정] Must → Should (D-41) / [v0.94] 인수 기준 추가 / [v0.104 수정] Should → Could (D-62)
A79: SFR-064 | B79: 오프라인 | C79: 기능 | D79: S-11 | E79: 오프라인 상태 표시 | F79: 네트워크가 끊긴 동안, 시스템은 화면 상단에 오프라인 문구(SFR-081 ③)를 표시해야 한다. | G79: Given 앱을 사용 중 When 네트워크 연결이 끊긴다 Then 화면 상단에 '오프라인 — 저장된 정보입니다'와 '이동 전 반드시 병원에 직접 전화로 확인하세요'가 표시된다 Given 오프라인 표시 상태 When 네트워크가 복구된다 Then 재조회가 성공하면 상단 오프라인 표시가 사라진다 | H79: Must | I79: 1단계 | J79: S6 | K79: 팀 논의(신규) | M79: 백강욱 / 진아 | N79: 확정 | P79: 2026-10-12 | Q79: [v0.94] 인수 기준 추가 / [v0.104 수정] SFR-067(전화 확인 강조) 통합 (D-62) / [v1.3 수정] 문구는 SFR-081 ③만 참조 (CR-003) | R79: SFR-081
A80: SFR-068 | B80: 오프라인 | C80: 기능 | D80: S-11 | E80: 복구 시 자동 재조회 | F80: 네트워크가 복구되면, 시스템은 최신 데이터를 자동 재조회하고 성공 시 오프라인 표시를 해제하며 사용자에게 알려야 한다. | G80: Given 오프라인 상태로 저장 데이터를 보고 있음 When 네트워크가 복구된다 Then 최신 데이터가 자동으로 다시 조회된다 And 오프라인 표시가 사라지고 '최신 정보로 갱신되었습니다' 알림이 표시된다 | H80: Should | I80: 1단계 | J80: S6 | K80: 팀 논의(신규) | M80: 백강욱 / 진아 | N80: 확정 | P80: 2026-09-26 | Q80: [v0.94] 인수 기준 추가 | R80: SFR-064
A81: SFR-081 | B81: 오프라인 | C81: 기능 | D81: S-11 | E81: 데이터 상태 문구 통일 | F81: 시스템은 데이터 상태를 다음 문구로만 표시해야 한다. ① 최신(기준 시각 = 서버 수집 시각부터 10분 이내): 기준 시각만 표시 ② 온라인이지만 갱신 실패·10분 경과: '참고용 정보 · 기준 HH:MM' ③ 오프라인: 상단 '오프라인 — 저장된 정보입니다'와 '이동 전 반드시 병원에 직접 전화로 확인하세요' + 카드 '참고용 정보 · 기준 HH:MM' 기준 시각은 각 병원 카드와 저장(캐시) 데이터에 모두 표시한다(예: 기준 09.24 오후 12:59). 저장·참고용 데이터에는 '수용 가능'·'입실 가능'처럼 현재 상태를 단정하는 문구를 쓰지 않는다. | G81: Given 서버 수집 후 4분 지난 데이터 When 목록을 연다 Then 카드에 기준 시각만 표시되고 다른 상태 문구는 없다 Given 온라인이지만 수집 후 12분이 지난 데이터(기준 14:00) When 목록을 연다 Then 카드에 '참고용 정보 · 기준 14:00'이 표시된다 Given 오프라인 상태이고 기준 14:00 저장 데이터를 보여줌 When 목록을 연다 Then 상단에 '오프라인 — 저장된 정보입니다', 카드에 '참고용 정보 · 기준 14:00'이 표시된다 Given 오프라인 상태이고 A병원 저장 데이터에 응급실 가용 4가 있음 When A병원 카드를 연다 Then '수용 가능'·'입실 가능' 문구 없이 '참고용 정보 · 기준 HH:MM'만 표시된다 | H81: Must | I81: 1단계 | J81: S5 | K81: 팀 논의(신규) | L81: 같은 상황에 다른 문구가 나오면 대원이 혼란 | M81: 백강욱 / 진아 | N81: 확정 | O81: C-09, C-12, D-80 | P81: 2026-10-12 | Q81: [v0.96 수정] '최신' 기준 10분으로 통일(C-12) / [v0.96 수정] 기준 시각 = 서버 수집 시각으로 통일 / [v0.104 수정] SFR-015(기준 시각 표시) 통합 (D-62) / [v0.108 수정] SFR-066(확정 표현 금지) 통합 (D-80) / [v1.3 수정] 오프라인 상단 문구를 이곳 한 곳에 정의 (SFR-064 중복 정리, CR-003)
A82: SFR-099 | B82: 오프라인 | C82: 기능 | D82: S-11 | E82: 통신 두절 중 기록 보관·전송 | F82: 네트워크가 끊긴 동안 발생한 전화 확인 결과·거절·도착 기록은(승인 병원 선택·이송 취소·목적지 변경은 보관하지 않음, SFR-111·160), 시스템이 발생 시각과 함께 단말에 보관하고 네트워크가 복구되면 발생 순서대로 서버에 전송해야 한다. 오프라인 기록(통신 두절 중 만든 예비 추천 이송 건 포함)은 그 이송 건을 조작한 단말 1대에서만 남기며, 서버는 상태 변경 충돌 규칙(SFR-160)으로 판정한다. 전송이 끝난 기록은 단말에서 삭제한다. 병원에 보내는 이송 요청(SFR-109)은 보관·지연 전송하지 않는다. 복구 때 서버의 같은 이송 건에 유효한 승인이나 확정이 없으면 오프라인 기록을 그대로 반영하고, 있으면 오프라인 기록은 이력으로만 남기고 경보와 함께 서버 상태를 보여준다(SFR-160의 예외). 오프라인 건이 같은 팀의 다른 진행 중 건과 겹치면 서버 건을 남기고 오프라인 건은 이력으로 돌린다. | G82: Given 오프라인 상태에서 14:05에 A병원 '거절', 14:06에 B병원 '수용 확정'을 선택함 When 14:10에 네트워크가 복구된다 Then 서버에 A병원 거절(14:05) → B병원 수용 확정(14:06) 순서로 기록이 전송된다 And 단말에 남은 미전송 기록이 0건이다 Given 오프라인 상태에서 도착 버튼을 눌렀고 아직 전송 전임 When 앱을 종료했다가 네트워크가 연결된 상태로 다시 실행한다 Then 보관된 도착 기록이 서버로 전송되고 이송 건이 '도착'으로 종료된다 | H82: Should | I82: 1단계 | J82: S6 | K82: 팀 논의(신규) | L82: 터널·산간에서 거절·도착이 일어나도 이송 건과 익명 데이터가 끊기지 않도록 (UC-02 E4) | M82: 백강욱 / 진아 | N82: 확정 | O82: D-96 | P82: 2026-09-26 | Q82: [v0.96 신규] 검토 지적(오프라인 기록 누락) 반영 / [v0.99 수정] Must → Should (D-41) / [v0.100 수정] 이송 요청은 보관 대상 아님 (D-45) / [v0.103 수정] 근거 참조 수정 (오류 9) / [v0.110 수정] 개발 충돌 점검 (D-96) | R82: SFR-086, SFR-064
A83: SFR-060 | B83: 오프라인 | C83: 기능 | D83: S-11 | E83: 캐시 저장 항목 | F83: 시스템은 병원명·주소·좌표·연락처·병상 현황(3종)·진료가능 항목·예상 이동시간·데이터 기준 시각을 저장해야 한다. | G83: Given A병원이 포함된 목록 조회가 성공해 저장됨 When 네트워크를 끊고 A병원 카드를 연다 Then 병원명·주소·좌표·연락처·병상 3종·진료가능 항목·예상 이동시간·기준 시각이 모두 표시된다 | H83: Must | I83: 1단계 | J83: - | K83: 팀 논의(신규) | N83: 삭제 | O83: C-08 | P83: 2026-09-26 | Q83: [v0.96 수정] 재난 지역 여부 추가(오프라인 추천의 재난 분리 유지) / [v0.98 수정] 재난 지역 여부 삭제 / [v0.108 수정] 삭제 — SFR-059에 통합 (D-80)
A84: SFR-063 | B84: 오프라인 | C84: 기능 | D84: S-11 | E84: 오프라인 전화 활성 | F84: 네트워크가 끊긴 동안, 시스템은 전화 걸기 버튼을 활성 상태로 유지해야 한다. | G84: Given 데이터 네트워크 끊김 When 병원 카드 확인 Then 전화 버튼 활성 상태, 탭 시 통화 연결 | H84: Must | I84: 1단계 | J84: - | K84: 팀 논의(신규) | L84: 음성망은 데이터망과 별개로 동작 | N84: 삭제 | P84: 2026-09-26 | Q84: [v0.108 수정] 삭제 — SFR-061에 통합 (D-80)
A85: SFR-065 | B85: 오프라인 | C85: 기능 | D85: S-11 | E85: 캐시 기준 시각 표시 | F85: 시스템은 캐시 데이터의 각 병원 카드에 데이터 기준 시각을 표시해야 한다. | H85: Must | I85: 1단계 | J85: - | K85: 팀 논의(신규) | N85: 삭제 | O85: C-10 | P85: 2026-09-26 | Q85: SFR-015와 중복 — 015에 통합 (v0.91 삭제)
A86: SFR-066 | B86: 오프라인 | C86: 기능 | D86: S-11 | E86: 확정 표현 금지 | F86: 시스템은 저장·참고용 데이터를 표시할 때 '수용 가능', '입실 가능'처럼 현재 상태를 단정하는 문구를 쓰지 않고 SFR-081 문구표만 사용해야 한다. | G86: Given 오프라인 상태이고, A병원 저장 데이터에 응급실 가용 4가 있음 When A병원 카드를 연다 Then '수용 가능', '입실 가능' 문구가 표시되지 않는다 And '참고용 정보 · 기준 HH:MM' 문구만 표시된다 | H86: Must | I86: 1단계 | J86: - | K86: 팀 논의(신규) | L86: 잘못된 확신에 의한 이송 방지 | N86: 삭제 | P86: 2026-09-26 | Q86: [v0.92 수정] '단정하는 문구' 모호어 → 금지 문구 예시 명시 / [v0.94] 인수 기준 추가 / [v0.108 수정] 삭제 — SFR-081에 통합 (D-80)
A87: SFR-067 | B87: 오프라인 | C87: 기능 | D87: S-11 | E87: 전화 확인 강조 안내 | F87: 네트워크가 끊긴 동안, 시스템은 '이동 전 반드시 병원에 직접 전화 확인' 안내를 강조 표시해야 한다. | G87: Given 네트워크가 끊겨 있음 When 추천 목록 화면을 연다 Then '이동 전 반드시 병원에 직접 전화 확인' 안내가 강조 표시된다 | H87: Should | I87: 1단계 | J87: - | K87: 팀 논의(신규) | N87: 삭제 | P87: 2026-09-26 | Q87: [v0.99 수정] Must → Should (D-41) / [v0.94] 인수 기준 추가 / [v0.104 수정] 삭제 — 오프라인 표시(SFR-064)로 통합 (D-62)
A88: SFR-096 | B88: 설정 | C88: 기능 | D88: S-12 | E88: 설정 화면 | F88: 시스템은 설정 화면에서 화면 모드(시스템 설정 따름/라이트/다크)를 바꾸고, 면책 고지(SER-005)·로그아웃(SFR-070)·회원 탈퇴(SFR-071)를 찾을 수 있게 해야 한다. 검색 반경은 입력 화면·추천 카드 영역(SFR-012)에서 바꾼다. | G88: Given 설정 화면 When 설정 항목을 확인한다 Then 화면 모드·면책 고지·로그아웃·회원 탈퇴가 있고, 검색 반경 항목은 없다 | H88: Should | I88: 1단계 | J88: S6 | K88: REQ-001,008,021 | L88: 설정 항목이 흩어지지 않도록 | M88: 진아 / 진아 | N88: 확정 | O88: D-25, D-94 | P88: 2026-10-25 | Q88: [v0.92 신규] / [v0.96 수정] 갱신 주기 항목 제외(D-25), 화면 모드 정의 / [v0.98 수정] 반경 항목을 카드 영역으로 이동 / [v0.103 수정] 인수 기준 예외 명시 (오류 23) / [v0.108 수정] 삭제된 자동 갱신 문구 제거, 설정 항목 정리 (검토) / [v1.4 수정] 앱 PIN 변경 항목 삭제 (CR-004, D-110) | R88: SFR-012
A89: SFR-102 | B89: 설정 | C89: 기능 | D89: S-12 | E89: 시연·테스트용 모의 모드 | F89: 시스템은 시연·테스트 환경(COR-004)에서만 켤 수 있는 모의 모드를 제공해야 한다. 모의 모드에서는 ① 미리 저장한 이동 경로를 재생한 위치를 실제 위치 대신 쓰고 ② 미리 정한 병상·진료가능 데이터를 공공 데이터 대신 쓰며 ③ 시나리오에 정한 모의 병원들이 정해진 시간에 승인·거절·무응답·승인 취소로 자동 응답한다. 모의 모드인 동안 화면 상단에 '모의 모드'를 표시하고, 이때 만든 이송 건과 기록은 실제 데이터와 분리해 저장한다. | G89: Given 시연 환경에서 모의 시나리오 'UC-01 기본'(모의 병원 8곳, 20초 뒤 B병원 승인·A병원 거절, 나머지 무응답)을 선택함 When 모의 모드를 켜고 요청을 보낸다 Then 상단에 '모의 모드'가 표시되고, 20초 뒤 B병원 승인·A병원 거절이 대원 화면에 나타난다 Given 같은 시나리오에서 B병원을 선택함 When 재생 경로를 따라 위치가 움직인다 Then B병원 100m 안에 들어오면 도착 처리된다 Given 운영 환경 When 설정 화면을 연다 Then 모의 모드 항목이 표시되지 않는다 | H89: Must | I89: 1단계 | J89: - | K89: 시트 점검(09.26) | L89: 시연 때 구급차 운행·실시간 병상 값에 의존하지 않고 UC-01·02를 재현, 도착 감지 테스트 | N89: 삭제 | P89: 2026-09-26 | Q89: [v0.97 신규] 시연 대비 / [v0.100 수정] Must로, 모의 병원 자동 응답 추가 (D-52) / [v0.103 수정] 삭제 — 시연 환경 구성(COR-010)으로 대체 (D-60)
A90: SFR-116 | B90: 병원 웹 | C90: 기능 | D90: H-01 | E90: 병원 웹 로그인 | F90: 시스템은 관리자가 병원마다 발급한 라이선스 키(SFR-123)로 등록한 PC에서만 병원 웹을 쓸 수 있게 해야 한다. 아이디·비밀번호와 가입 메뉴는 없다. 등록되지 않은 PC에서 병원 웹을 열면 라이선스 키 입력 화면만 보이고, 올바른 키와 PC 이름(예: 응급실 접수대)을 입력하면 그 PC가 해당 병원 PC로 등록되어(병원당 최대 3대, 등록은 키 유효기간 동안 유지하되 90일 미사용·키 폐기 시 해제, SFR-146·147) 3대가 가득 찬 상태면 기존 PC 목록(PC 이름·마지막 사용 시각)에서 1대를 골라 교체해 등록하고(쿠키 삭제·PC 교체 대응), 이후에는 키 입력 없이 바로 근무 시작 화면(SFR-117)이 열린다. 키는 공공 데이터 병원ID 1개와 연결되며, 키 입력이 5번 연속 틀리면 그 PC에서 10분 동안 입력을 막는다(SER-011). (등록 방식: COR-012) | G90: Given A병원 키가 발급되었고 등록되지 않은 PC When 병원 웹을 연다 Then 라이선스 키 입력 화면만 표시되고 아이디·비밀번호·가입 메뉴는 없다 Given 같은 PC When A병원 키와 PC 이름 '응급실 접수대'를 입력한다 Then 그 PC가 A병원 PC로 등록되고 A병원 근무 시작 화면이 열린다 Given A병원 PC로 등록된 PC When 다음 날 병원 웹을 연다 Then 키 입력 없이 근무 시작 화면이 열린다 Given A병원에 PC 3대가 등록됨 When 4번째 PC에서 키를 입력한다 Then '등록할 수 있는 PC(3대)가 가득 찼어요'와 기존 PC 목록이 표시되고 And '접수대 2'를 골라 '교체'하면 새 PC가 등록되고 '접수대 2'는 해제된다 Given 등록되지 않은 PC When 틀린 키를 5번 연속 입력한다 Then 그 PC에서 10분 동안 키를 입력할 수 없다 | H90: Must | I90: 1단계 | J90: S2 | K90: 9/29 회의 | L90: 가짜 병원의 승인을 막기 위해 (D-33) | M90: 승언 / 승언 | N90: 확정 | O90: D-33, D-70 | P90: 2026-10-12 | Q90: [v0.98 신규] 9/29 회의 / [v0.102 수정] 첫 로그인 비밀번호 변경 강제 (D-54) / [v0.103 수정] 인수 기준 논리 수정, 아이디 형식 (오류 29) / [v0.107 수정] 아이디·비밀번호 없앰 → 라이선스 키로 PC 등록 (D-70, D-54 일부 번복) / [v1.3 일정] S3 → S2 (스프린트 재분배, D-108) | R90: SFR-123
A91: SFR-117 | B91: 병원 웹 | C91: 기능 | D91: H-02 | E91: 이송 요청 알람 | F91: 근무 시작 시 담당자가 이름을 입력하고 '알림 켜기'를 한 번 누르면, 시스템은 그 병원을 '요청 받을 수 있음'으로 서버에 등록하고, 새 이송 요청이 오면 반복 알림음·브라우저 알림·탭 제목 표시를 동시에 하며, 응답하거나 요청이 끝날 때까지 알림음을 반복해야 한다. 응답 대기 요청이 여러 건이면 알림음은 겹치지 않게 하나만 반복하고, 탭 제목과 화면 상단에 대기 건수('🔴 새 이송 요청 3건')를 표시하며, 브라우저 알림은 요청마다 1번 띄운다. 모든 대기 요청에 응답하거나 요청이 끝나면 알림음이 멈춘다. 브라우저를 닫거나 연결이 끊기면 '요청 받을 수 있음'이 해제된다. 병원은 등록 PC 중 1대 이상이 연결되어 '알림 켜기' 상태이면 요청 대상이며, 알림은 그 병원의 켜진 PC 모두에 울린다. 탭을 유지한 채 연결만 끊겼다 다시 붙으면 '알림 켜기'를 자동으로 복구하고, 새로고침하거나 다시 열었으면 '알림 켜기를 다시 누르세요'를 크게 표시한다. 새 요청이 오면 브라우저 화면 전체를 덮는 빨간 알림 창(요청 요약 + '확인' 버튼)을 띄우고, '확인'을 누르거나 그 요청이 끝날 때까지 닫히지 않게 한다. 대기 요청이 여러 건이면 알림 창에 건수를 표시한다. 브라우저 정책상 자동 전체 화면 모드는 쓰지 않는다. | G91: Given A병원 담당자가 '알림 켜기'를 누른 상태에서 다른 창을 보고 있음 When 새 이송 요청이 온다 Then 알림음이 반복되고 브라우저 알림 팝업이 뜨며 탭 제목이 '🔴 새 이송 요청 1건'이 된다 Given 대기 요청 1건으로 알림음이 울리는 중 When 요청 2건이 더 온다 Then 알림음은 하나만 계속 울리고 탭 제목과 화면 상단이 '🔴 새 이송 요청 3건'이 된다 Given 대기 요청 3건 When 담당자가 3건 모두에 응답한다 Then 알림음이 멈춘다 Given A병원이 '알림 켜기'를 누르지 않음 When 반경 안 대원이 요청을 보낸다 Then A병원은 요청 대상에서 빠진다 Given A병원 담당자가 병원 웹에서 다른 화면(도착 예정 목록)을 보고 있음 When 새 이송 요청이 온다 Then 화면 전체를 덮는 알림 창이 뜨고 '확인'을 누르기 전에는 닫히지 않는다 Given 알림 창이 떠 있음 When 대원이 요청을 취소한다 Then 알림 창이 닫힌다 | H91: Must | I91: 1단계 | J91: S3 | K91: 9/29 회의 | L91: 응급실이 요청을 놓치지 않게 (9/29 회의) | M91: 승언 / 승언 | N91: 확정 | O91: D-27, D-76, D-96, D-114 | P91: 2026-10-25 | Q91: [v0.98 신규] 9/29 회의 / [v0.100 수정] 알림 켜짐·연결 상태를 서버에 알림 (D-43) / [v0.102 수정] 근무 시작 때 담당자 이름 입력 (D-54) / [v0.107 수정] 여러 건이 쌓이면 알림음 하나만 반복 + 대기 건수 표시 (D-76) / [v0.110 수정] 개발 충돌 점검 (D-96) / [v1.4 수정] 새 요청 시 화면 전체 덮개 알림 창 추가 (교수님 피드백, CR-004, D-114) | R91: SFR-116
A92: SFR-118 | B92: 병원 웹 | C92: 기능 | D92: H-02 | E92: 이송 요청 상세 | F92: 시스템은 병원 웹에서 요청마다 환자 평가 정보(SFR-108), 도착 예상 시간(SFR-129), 우리 병원의 3종 병상 현황을 한 화면에 보여줘야 한다. 대원이 증상 선택지를 고른 경우에만 해당 진료가능 여부를 함께 표시한다. 정상 범위를 벗어난 값(10_부록 E)은 빨간색으로 강조하고, 앱이 위급도를 판정하거나 등급을 매기지는 않는다. 요청한 구급대의 소속(소방서·안전센터)과 연락처는 병원 웹에 표시하지 않는다(D-65, D-98). | G92: Given A병원에 뇌출혈 의심(증상 S03 선택) 요청이 옴 When 요청을 연다 Then 환자 평가 정보·도착 예상 12분이 표시되고 요청 구급대 소속은 표시되지 않으며 And '우리 병원: [뇌출혈수술] 가능 ✅ · 응급실 5/20 · 수술실 1/4 · 중환자실 0/10'이 함께 표시된다 Given 증상 선택지 없이 요청이 옴 When 요청을 연다 Then 진료가능 항목 줄 없이 응급실·수술실·중환자실 병상 현황만 표시된다 Given 산소포화도 86%, 맥박 88인 요청 When 요청을 연다 Then 산소포화도 86%만 빨간색으로 강조되고 맥박은 기본 색으로 표시된다 | H92: Must | I92: 1단계 | J92: S3 | K92: 9/29 회의 | L92: 반경 내 전체에 보내므로 병원이 몇 초 안에 판단할 수 있게 (D-28) | M92: 승언 / 승언 | N92: 확정 | O92: D-38, D-48, D-98 | P92: 2026-09-26 | Q92: [v0.98 신규] 9/29 회의 / [v0.99 수정] 이상 수치 빨간색 강조 (D-38, 10_부록 E) / [v0.100 수정] 진료가능 여부는 증상 선택 시에만 (D-48) / [v0.112 수정] 요청 구급대 소속 표시 삭제 (UX/UI 리뷰, D-98) | R92: SFR-117
A93: SFR-119 | B93: 병원 웹 | C93: 기능 | D93: H-02 | E93: 승인·거절 응답 | F93: 병원 담당자가 요청에 '승인' 또는 '거절'을 누르면, 시스템은 즉시 대원 앱에 결과를 보내고, 근무 시작 때 입력한 담당자 이름을 응답자로 기록해야 한다. 거절은 사유(응급실 병상 부족·수술실 부족·입원실 부족·중환자실 부족·해당 전문의 부재·의료장비 고장(CT 등)·기타(20자 입력), 구급활동일지 재이송 사유와 대응: 부록 G) 중 1개를 반드시 골라야 하며, 대원 앱에 병원 이름과 함께 사유를 표시한다. ('요청 중지'는 SFR-139가 자동으로 붙이는 시스템 사유로, 담당자 선택 목록에는 없다.) | G93: Given A병원 요청 상세 화면, 근무 시작 때 '박서연'으로 알림을 켬 When '승인'을 누른다 Then 대원 앱에 3초 안에 'A병원 승인'이 표시되고 And 요청 기록에 응답자 '박서연'이 남는다 Given A병원 요청 상세 화면 When '거절'과 사유 '해당 전문의 부재'를 선택한다 Then 대원 앱에 'A병원 거절 · 해당 전문의 부재'가 표시된다 Given A병원 요청 상세 화면 When 사유를 고르지 않고 '거절'을 누른다 Then 거절이 전송되지 않고 '거절 사유를 골라 주세요'가 표시된다 Given '기타'를 고름 When 사유를 21자 입력한다 Then 20자까지만 입력된다 | H93: Must | I93: 1단계 | J93: S3 | K93: 9/29 회의 | L93: 승인한 곳으로만 출발하는 흐름의 핵심 | M93: 승언 / 승언 | N93: 확정 | O93: D-67, D-115 | P93: 2026-10-25 | Q93: [v0.98 신규] 9/29 회의 / [v0.102 수정] 응답자(담당자 이름) 기록 (D-54) / [v0.103 수정] 거절 기록 검증은 SFR-043으로 이동 (오류 7) / [v0.107 수정] 거절 사유 6개로 세분화, 대원 앱에 사유 표시 (D-67) / [v1.4 수정] 거절 사유를 구급활동일지 재이송 사유 분류에 맞춤(환자 과밀 → 응급실 병상 부족에 포함) (CR-004, D-115) | R93: SFR-118
A94: SFR-121 | B94: 병원 웹 | C94: 기능 | D94: H-03 | E94: 도착 예정 환자 목록 | F94: 시스템은 병원 웹에서 우리 병원으로 확정된 이송 건의 환자 요약·현재 상태·도착 예상 시간을 목록으로 보여주고, 대원이 이송을 취소하거나 목적지를 바꾸면 즉시 표시해야 한다. 구급차의 실시간 위치(지도)는 병원 웹에 보여주지 않고 도착 예상 시간만 표시한다. 도착 예상 시간은 앱 안 경로 안내(카카오 내비 SDK)가 계산한 남은 시간을 담당 단말이 1분마다 서버로 보내 갱신하고, 2분 넘게 값이 오지 않으면 마지막 값에서 지난 시간을 뺀 값을 쓴다. 팀원 단말의 남은 시간(SFR-132)도 같은 값을 쓴다. | G94: Given B병원으로 확정된 이송 건이 1건 있음 When 도착 예정 목록을 연다 Then '뇌출혈 의심 · 도착 예상 7분 · 이동 중'이 표시된다 Given B병원으로 이동 중인 구급차가 있음 When 도착 예정 목록을 본다 Then 도착 예상 시간만 표시되고 지도·구급차 위치는 표시되지 않는다 | H94: Should | I94: 1단계 | J94: S4 | K94: 9/29 회의 | L94: 도착 전 준비 | M94: 백강욱 / 승언 | N94: 확정 | O94: D-71, D-96, D-106, D-107 | P94: 2026-10-12 | Q94: [v0.98 신규] 9/29 회의 / [v0.107 수정] 구급차 실시간 위치는 병원 웹에 보여주지 않음 (D-71) / [v0.110 수정] 개발 충돌 점검 (D-96) / [v1.2 수정] 이동 중 도착 예상 시간은 앱 경로 안내 값 사용, 외부 내비 건만 서버 3분 계산 (CR-002, D-106) / [v1.3 수정] 외부 내비 분기·위치 미동의 분기 삭제(경로 안내는 SDK만), 값이 끊기면 마지막 값 − 지난 시간. 담당 단말이 남은 시간을 보내는 부분은 앱(진아) (CR-003, D-107) | R94: SFR-111
A95: SFR-122 | B95: 병원 웹 | C95: 기능 | D95: H-02 | E95: 병원 웹 연결 끊김 표시 | F95: 병원 웹과 서버의 연결이 끊기면, 시스템은 화면 상단에 '연결 끊김 — 새 요청을 받을 수 없어요'를 크게 표시하고, 다시 연결되면 놓친 요청을 불러와야 한다. | G95: Given 병원 웹이 열려 있음 When 네트워크가 끊긴다 Then 상단에 '연결 끊김 — 새 요청을 받을 수 없어요'가 표시된다 Given 연결이 끊긴 사이 A병원에 요청 1건이 오고 다른 1건은 닫힘 When 다시 연결된다 Then 서버에서 대기 요청 목록을 새로 받아 열린 요청 1건만 표시되고 닫힌 요청에는 응답할 수 없다 | H95: Must | I95: 1단계 | J95: S3 | K95: 9/29 회의 | L95: 알람을 못 받는 상태를 담당자가 알아야 함 | M95: 승언 / 승언 | N95: 확정 | O95: D-93 | P95: 2026-09-26 | Q95: [v0.98 신규] 9/29 회의 / [v0.108 수정] 다시 연결되면 대기 요청 다시 받기 → Must S3 (D-93) | R95: SFR-116
A96: SFR-128 | B96: 병원 웹 | C96: 기능 | D96: H-02 | E96: 병원 승인 취소 | F96: 병원 담당자가 승인한 요청에서 '승인 취소'를 누르면 사유(병원 웹 거절과 같은 목록: 응급실 병상 부족·수술실 부족·입원실 부족·중환자실 부족·해당 전문의 부재·의료장비 고장(CT 등)·기타)를 반드시 골라야 하며, 시스템은 즉시 대원 앱에 사유와 함께 알려야 한다. 대원이 아직 선택하지 않았으면 그 병원을 '승인 취소'로 표시한다. 이미 선택해 이동 중이면 경보(SFR-130)와 함께 사유와 큰 '다시 요청' 버튼을 보여주고, 대원이 누르면(목적지 변경 횟수(SFR-077)에 세지 않으며, 같은 이송 건에서 여러 번 가능) 현재 위치 기준으로 그 병원을 뺀 반경 안 병원에 새 요청(SFR-109)을 보낸다. 자동으로 보내지는 않는다. 승인 취소는 병원별 승인 취소율 통계(SFR-106)에 들어간다. 다시 요청하는 동안에도 경로 안내(위치 기록 중이면 위치 기록도)는 유지하고, 소요시간은 처음 출발 시각 기준으로 계산한다(SFR-036·039). 제외 병원(SFR-086)은 새 요청에서 뺀다. 고른 병원 등급(SFR-162)은 그대로 유지한다. | G96: Given B병원·C병원이 승인, 대원은 아직 선택 전 When B병원이 '승인 취소'(응급실 병상 부족)를 누른다 Then 대원 화면에서 B병원이 '승인 취소 · 응급실 병상 부족'으로 바뀌고 C병원만 선택할 수 있다 Given B병원 승인 화면 When 사유를 고르지 않고 '승인 취소'를 누른다 Then 취소되지 않고 '사유를 골라 주세요'가 표시된다 Given 대원이 B병원으로 이동 중 When B병원이 '승인 취소'를 누른다 Then 대원 앱에 진동·소리 경보와 사유, '다시 요청' 버튼이 표시되고 요청은 자동으로 가지 않는다 Given 같은 경보가 뜬 상태 When '다시 요청'을 누른다 Then B병원을 뺀 반경 안 병원에 새 요청이 간다 Given B병원 승인 취소로 '다시 요청'해 C병원으로 이동 중, C병원도 '승인 취소' When '다시 요청'을 누른다 Then 막히지 않고 B·C병원을 뺀 반경 안 병원에 새 요청이 간다 | H96: Must | I96: 1단계 | J96: S4 | K96: 9/29 회의 | L96: 승인 뒤 병상 상황이 바뀌는 경우 대응 (D-44) | M96: 승언 / 승언 | N96: 확정 | O96: D-44, D-77, D-81, D-115, D-120 | P96: 2026-10-26 | Q96: [v0.100 신규] 전체 검토 반영 / [v0.107 수정] 사유 필수, 이동 중이면 10초 뒤 자동 새 요청, 직전 승인 병원 표시 (D-77) / [v0.108 수정] 10초 자동 새 요청 → 경보 + '다시 요청' 버튼 (D-81, D-77 일부 번복) / [v1.3 수정] 제외 병원은 SFR-086 참조만 (CR-003) / [v1.3 수정] '다시 요청'은 목적지 변경 1회 제한에 포함 안 됨 (CR-003) / [v1.4 수정] 거절 사유를 구급활동일지 재이송 사유 분류에 맞춤(환자 과밀 → 응급실 병상 부족에 포함) (CR-004, D-115) / [v1.4.1 수정] 병원 등급 유지 (CR-005) | R96: SFR-119, SFR-130
A97: SFR-135 | B97: 병원 웹 | C97: 기능 | D97: H-02 | E97: 병원 웹 요청 목록 | F97: 시스템은 병원 웹에서 우리 병원에 온 이송 요청을 목록으로 보여줘야 한다. 응답 대기 중인 요청을 남은 응답 시간이 짧은 순으로 맨 위에 두고, 새 요청이 오면 알림(SFR-117)을 울리고 대기 건수를 갱신한다. 목록에서 요청을 누르면 요청 상세(SFR-118)를 연다. 각 요청과 요청 상세에는 응답 제한(2분)의 남은 시간을 표시하고, 30초 이하가 되면 빨간색으로 강조한다. | G97: Given A병원에 요청 3건이 연달아 옴 (남은 시간 1:50, 1:20, 0:40) When 요청 목록을 본다 Then 남은 시간 0:40 요청이 맨 위에 오고 3건 모두 '응답 대기'로 표시된다 Given 요청 1건에 응답하는 중 When 새 요청 1건이 더 온다 Then 목록에 새 요청이 추가되고 대기 건수가 1 늘어난다 Given 요청이 온 지 1분 35초가 지남 When 요청 목록을 본다 Then '남은 시간 0:25'가 빨간색으로 표시된다 | H97: Must | I97: 1단계 | J97: S3 | K97: 9/29 회의 | L97: 구급차 여러 대가 동시에 요청하는 경우 | M97: 승언 / 승언 | N97: 확정 | O97: D-63, D-76, D-95 | P97: 2026-09-26 | Q97: [v0.105 신규] 추가 요구사항 / [v0.107 수정] 알림 방식 SFR-117과 맞춤 (D-76) / [v0.109 수정] SFR-120(남은 시간 표시) 통합 | R97: SFR-117
A98: SFR-136 | B98: 병원 웹 | C98: 기능 | D98: H-02 | E98: 병원 웹 알림 권한 거부 처리 | F98: 병원 웹에서 브라우저 알림 권한이 거부되어 있으면, 시스템은 반복 알림음과 탭 제목 표시로만 알리고 화면 상단에 '브라우저 알림을 허용해야 다른 창을 볼 때도 알 수 있어요'와 허용 방법을 계속 표시해야 한다. | G98: Given A병원 PC에서 브라우저 알림 권한이 거부됨 When '알림 켜기'를 누른다 Then 상단에 알림 허용 안내가 표시된다 Given 같은 상태에서 새 요청이 옴 When 요청이 도착한다 Then 브라우저 알림 없이 알림음이 반복되고 탭 제목이 '🔴 새 이송 요청 1건'이 된다 | H98: Should | I98: 1단계 | J98: S4 | K98: 9/29 회의 | L98: 알림 권한이 없으면 다른 창을 볼 때 요청을 놓침 | M98: 승언 / 승언 | N98: 확정 | O98: D-63, D-80 | P98: 2026-09-26 | Q98: [v0.105 신규] 추가 요구사항 / [v0.108 수정] Must → Should (핵심 흐름이 기대지 않음, D-80) | R98: SFR-117
A99: SFR-139 | B99: 병원 웹 | C99: 기능 | D99: H-02 | E99: 병원 잠시 요청 중지 | F99: 병원 담당자가 한 PC에서 '잠시 요청 중지'를 누르면(그 병원 전체에 적용), 시스템은 그 병원을 요청 대상(SFR-109)에서 빼고 병원 웹 상단에 '요청 중지 중'을 표시해야 한다. 이때 응답 대기 중인 요청이 있으면 'n건이 거절 처리돼요'를 확인받은 뒤 모두 '거절(사유: 요청 중지)'로 한꺼번에 응답해 대원이 바로 다른 병원을 볼 수 있게 한다. 이미 승인한 요청은 그대로 둔다. 담당자가 '요청 다시 받기'를 누르면 다시 대상이 된다. 중지 상태가 2시간 넘게 이어지면 '아직 요청을 멈춘 상태예요'를 알린다. | G99: Given A병원이 '잠시 요청 중지'를 누름 When 반경 안 대원이 요청을 보낸다 Then A병원은 요청 대상에서 빠진다 Given A병원에 응답 대기 요청 2건, 승인한 요청 1건 When '잠시 요청 중지'를 누르고 확인한다 Then 대기 2건은 '거절 · 요청 중지'로 대원 앱에 바로 표시되고 승인 1건은 그대로 유지된다 Given A병원이 '요청 다시 받기'를 누름 When 대원이 요청을 보낸다 Then A병원에도 요청이 간다 | H99: Should | I99: 1단계 | J99: S4 | K99: 9/29 회의 | L99: 응급실 포화 시 헛된 알람과 대원 대기 시간을 줄임 | M99: 승언 / 승언 | N99: 확정 | O99: D-63, D-76 | P99: 2026-09-26 | Q99: [v0.105 신규] 추가 요구사항 / [v0.107 수정] 누를 때 응답 대기 요청 일괄 거절 (D-76) | R99: SFR-117
A100: SFR-140 | B100: 병원 웹 | C100: 기능 | D100: H-02 | E100: 승인 메모 | F100: 병원 담당자가 승인할 때 한 줄 메모(최대 50자, 선택)를 입력하면, 시스템은 대원 앱의 해당 병원 승인 표시에 메모를 함께 보여줘야 한다. 우리 병원으로 확정된 이송 건에는 도착 전까지 '추가 메모'를 1번 더 보낼 수 있고(예: 'CT 고장, 2번 입구로 오세요'), 대원 앱은 경보(SFR-130)와 함께 표시한다. 메모에는 환자 식별 정보를 쓰지 않도록 안내하며 전화번호는 보여주지 않는다. | G100: Given B병원이 메모 '3번 출입구로 오세요'와 함께 승인 When 대원 앱에 승인이 표시된다 Then B병원 승인 옆에 '3번 출입구로 오세요'가 보인다 Given B병원으로 확정되어 이동 중 When B병원이 추가 메모 'CT 고장, 2번 입구로 오세요'를 보낸다 Then 대원 앱에 경보와 함께 메모가 표시된다 And B병원 화면에서 '추가 메모' 버튼이 사라진다 | H100: Should | I100: 1단계 | J100: S4 | K100: 9/29 회의 | L100: 도착 동선·준비 상황 전달 (예: 3번 출입구, CT 준비) | M100: 승언 / 승언 | N100: 확정 | O100: D-63, D-90 | P100: 2026-09-26 | Q100: [v0.105 신규] 추가 요구사항 / [v0.108 수정] 확정 후 추가 메모 1번 (D-90) | R100: SFR-119
...

Sheet 04_비기능요구사항
A1: ID | B1: 분류 | C1: 요구사항명 | D1: 상세 설명 | E1: 목표값 | F1: 측정 방법 | G1: 관련 SFR | H1: 확인 담당 | I1: 상태 | J1: 비고
A2: PER-001 | B2: 성능 | C2: 추천 API 응답시간 | D2: 추천 목록 요청의 95%를 목표값 이내에 응답해야 한다. (이동시간 산출 포함) | E2: 3초 | F2: 부하 테스트 p95 측정 | G2: SFR-098, 072 | H2: 백강욱 | I2: 확정
A3: PER-002 | B3: 성능 | C3: 첫 화면 표시 시간 | D3: 앱 실행부터 환자 정보 입력 화면 표시까지 목표값 이내여야 한다. | E3: 3초 | F3: 실기기 10회 측정 평균 | G3: SFR-107 | H3: 백강욱 | I3: 확정 | J3: [v0.98 수정] 첫 화면이 환자 정보 입력으로 변경 (D-31) / [v0.103 수정] 이름 수정 (오류 19)
A4: PER-003 | B4: 성능 | C4: 실시간 병상 수집 주기 | D4: 시스템은 실시간 병상 데이터를 목표값 주기로 수집해야 한다. | E4: 3분 (전국 17개 시·도, D-17·D-104) | F4: 수집 로그 확인 | G4: SFR-023 | H4: 백강욱 | I4: 확정 | J4: v0.93 / [v1.2 수정] 시·도 1곳 → 전국 17개 시·도, 하루 약 8,160회 (CR-002, D-104)
A5: PER-006 | B5: 성능 | C5: 요청 → 병원 알림 시간 | D5: 대원이 '병원에 요청'을 누른 뒤 병원 웹에 알림이 뜨기까지, 병원 응답이 대원 앱에 표시되기까지 각각 목표값 이내여야 한다. 길찾기 결과로 도착 예상 시간을 갱신하는 것(SFR-129)은 별도 목표값을 따른다. | E5: 각 3초 이내, 도착 예상 시간 갱신 10초 이내 | F5: 요청 20회 측정 | G5: SFR-109, 117, 119, 129 | H5: 백강욱 | I5: 확정 | J5: [v0.98 신규] 9/29 회의
A6: PER-004 | B6: 성능 | C6: 배터리 소모 | D6: 경로 안내 + 위치 기록 1시간 동안 배터리 소모가 목표값 이하여야 한다. | E6: 15% 이하 | F6: 실기기 1시간 주행 테스트 | G6: SFR-037, 079 | H6: 백강욱 | I6: 확정
A7: PER-005 | B7: 성능 | C7: 동시 연결 | D7: 병원 웹 PC와 구급대원 앱의 실시간 연결이 목표값만큼 동시에 유지되는 상태에서도 PER-001(추천 응답)과 PER-006(요청·응답 알림)을 만족해야 한다. | E7: 5,000개 (병원 PC 약 1,230 + 대원 앱 약 3,300 + 여유) | F7: 클라우드 서버에서 부하 테스트 (S8) | G7: SFR-098, 109, 117 | H7: 승언 | I7: 확정 | J7: [v0.92 신규] 성능 목표의 기준 인원 / [v1.2 수정] 동시 사용자 50명 → 동시 연결 5,000개 (전국 운영 규모, CR-002, D-105) / [v1.3 담당] 확인 담당 백강욱 → 승언 (D-109: 부하 테스트 작성·실행, 결과 분석·튜닝은 백강욱)
A8: QUR-001 | B8: 가용성 | C8: 공공 API 장애 시 조회 | D8: 공공 데이터 장애 시에도 저장 데이터 기반 목록 조회가 가능해야 한다. (처리 순서: SFR-024) | E8: 저장 데이터 존재 시 100% | F8: API 차단 후 조회 테스트 | G8: SFR-024, 008 | H8: 백강욱 | I8: 확정 | J8: / [v0.104 수정] 관련 요구사항 통합 반영
A9: QUR-009 | B9: 가용성 | C9: 서비스 가용률 | D9: 최종 시연 2주 전부터 시연일까지 서비스 가용률이 목표값 이상이어야 한다. | E9: 99% | F9: 5분 간격 상태 점검 기록 (서버 밖 외부 점검 서비스) | G9: - | H9: 백강욱 | I9: 확정 | J9: [v0.92 신규] / [v1.2 수정] 상태 점검을 서버 밖에서 (데이터 서버가 멈추면 알림도 못 보내는 문제, D-106)
A10: QUR-010 | B10: 가용성 | C10: 백업·복구 | D10: 데이터는 1일 1회 이상 백업하고, 장애 시 목표값 이내에 복구해야 한다. | E10: 4시간 이내 | F10: 복구 리허설 1회 | G10: - | H10: 백강욱 | I10: 확정 | J10: [v0.92 신규]
A11: QUR-002 | B11: 안정성 | C11: 오프라인 핵심 기능 | D11: 통신 두절 시에도 병원 목록·카드·전화 걸기가 동작해야 한다. | E11: 3개 기능 동작 | F11: 비행기 모드 테스트 | G11: SFR-059, 061, 064, 068 | H11: 백강욱 | I11: 확정 | J11: / [v0.108 수정] 통합 반영 (D-80)
A12: QUR-003 | B12: 사용성 | C12: 경로 안내까지 조작 수 | D12: 병원 승인이 표시된 뒤 경로 안내 시작까지 목표값 이내 터치로 가능해야 한다. | E12: 2회 | F12: 시나리오 테스트 | G12: SFR-111, 031 | H12: 진아 | I12: 확정 | J12: [v0.98 수정] 새 흐름 기준
A13: QUR-004 | B13: 호환성 | C13: 지원 OS | D13: 목표값 이상 OS에서 정상 동작해야 한다. | E13: Android 10 이상 · iOS 16 이상 | F13: 실기기 테스트 (Android 1대 이상 · iPhone 1대 이상) | G13: - | H13: 진아 | I13: 확정 | J13: [v0.96 수정] 결정 D-22 / [v0.111 수정] iOS 추가 (D-97, D-22 번복)
A14: QUR-005 | B14: 사용성 | C14: 야간(다크) 모드 | D14: 시스템은 야간 구급차 안에서 눈부심이 없도록 다크 모드를 제공해야 한다. | E14: 시스템 설정 따름 + 수동 선택(라이트/다크) | F14: 야간 실사용 점검 | G14: SFR-096 | H14: 진아 | I14: 확정 | J14: [v0.96 수정] SFR-096과 일치
A15: QUR-006 | B15: 사용성 | C15: 최소 터치 영역 | D15: 전화·경로 안내 등 핵심 버튼은 장갑 낀 손으로도 누를 수 있는 크기여야 한다. | E15: 48dp 이상 | F15: UI 점검 | G15: SFR-031, 033 | H15: 진아 | I15: 확정
A16: QUR-007 | B16: 사용성 | C16: 핵심 정보 글자 크기 | D16: 병원명·병상 수·이동시간은 흔들리는 차량에서도 읽을 수 있는 크기여야 한다. | E16: 16sp 이상 | F16: UI 점검 | G16: SFR-002 | H16: 진아 | I16: 확정
A17: QUR-008 | B17: 운영 | C17: 수집 실패 모니터링 | D17: 공공 데이터 수집이 연속으로 실패하면 시스템은 에러 로그를 남기고 관리자 알림(SFR-100)을 추가해야 한다. | E17: 연속 3회 실패 시 알림 1건 | F17: API 차단 테스트 | G17: SFR-023, 100 | H17: 백강욱 | I17: 확정 | J17: [v0.96 수정] 알림 수단 D-23
A18: SER-001 | B18: 보안 | C18: 외부 API 키 서버 보관 | D18: 외부 서비스 인증 키는 앱에 포함하지 않고 서버에서만 사용해야 한다. (단말 내장 지도 SDK 키는 해당 SDK 규정을 따른다) | E18: 앱 번들 내 서버 키 0개 | F18: 번들 검사 | G18: SFR-023 | H18: 백강욱 | I18: 확정
A19: SER-002 | B19: 개인정보 | C19: 위치 기록 익명화 | D19: 이동 종료(도착·취소) 후 원본 위치 기록은 대원 계정·팀·이송 건 연결을 끊은 익명 이송 경로(DAR-014)로 즉시 바꿔야 한다. 익명 이송 경로는 관리자만 볼 수 있고, 열람은 작업 이력(SFR-091)에 남긴다. | E19: 종료 후 계정·팀·이송 건과 연결된 위치 기록 0건 | F19: DB 조회 확인 | G19: SFR-041 | H19: 백강욱 | I19: 확정 | J19: 결정 D-06, C-01 / [v1.4 수정] 즉시 삭제 → 익명화 후 축적 (CR-004, D-113)
A20: SER-003 | B20: 개인정보 | C20: 소요시간 익명 보관 | D20: 소요시간 데이터는 대원 계정과 연결하지 않고 보관해야 한다. | E20: 계정 식별 정보 0건 | F20: 데이터 검토 | G20: SFR-039 | H20: 백강욱 | I20: 확정 | J20: 결정 C-01
A21: SER-004 | B21: 보안 | C21: 비밀번호·라이선스 키 변환 저장 | D21: 비밀번호와 병원 라이선스 키는 복호화할 수 없는 방식으로 변환해 저장해야 한다. 관리 화면에 보여줄 라이선스 키 앞 4자리만 따로 저장한다. | E21: 평문 저장 0건 | F21: DB 조회 확인 | G21: SFR-018, 116, 123 | H21: 백강욱 | I21: 확정 | J21: 팀 확인 필요 / [v0.107 수정] 라이선스 키 추가 (D-70)
A22: SER-005 | B22: 법적고지 | C22: 서비스 면책 고지 | D22: 시스템은 첫 실행 화면과 설정 메뉴에 '본 서비스는 참고용이며 의료 판단과 병원 수용을 보장하지 않습니다'를 고지해야 한다. | E22: 고지 화면 존재 | F22: 화면 점검 | G22: SFR-081, 096 | H22: 백강욱 | I22: 확정
A23: SER-006 | B23: 보안 | C23: 비밀번호 규칙 | D23: 비밀번호는 목표값 규칙을 만족해야 한다. | E23: 8자 이상, 영문+숫자 | F23: 가입 테스트 | G23: SFR-018 | H23: 백강욱 | I23: 확정
A24: SER-007 | B24: 보안 | C24: 로그인 유지 기간 (근무 단위) | D24: 로그인 세션은 근무 종료(직접·자동) 때 즉시 끝나야 하며, 목표값을 넘겨 유지되지 않아야 한다. 근무 종료 때 서버의 갱신 토큰을 폐기한다. | E24: 근무 시작 후 14시간 (진행 중 이송이 있으면 그 이송이 끝난 뒤, SFR-113) | F24: 세션 테스트 | G24: SFR-018 | H24: 백강욱 | I24: 확정 | J24: [v1.4 수정] 30일 → 근무 단위 (CR-004, D-110) / [v1.4.1 수정] 이송 중 14시간 경과 시 끝난 뒤 종료 (CR-005)
A25: SER-008 | B25: 보안 | C25: 통신 암호화 | D25: 앱·병원 웹·관리자 웹·서버 사이의 모든 통신은 암호화되어야 한다. | E25: 평문 전송 0건 | F25: 통신 점검 | G25: 전체 | H25: 백강욱 | I25: 확정 | J25: [v0.92 신규] 위치정보 전송 보호 / [v0.100 수정] 병원 웹 추가
A26: SER-009 | B26: 보안 | C26: 요청 인증 | D26: 기록·관리·이송 요청·병원 응답 요청은 인증된 요청(대원·관리자: 로그인 세션, 병원 웹: 등록 PC 토큰 COR-012)만 처리하고, 인증되지 않은 요청은 거부해야 한다. | E26: 미인증 요청 처리 0건 | F26: 미인증 요청 테스트 | G26: SFR-034, 037, 126, 082, 109, 116, 119 | H26: 백강욱 | I26: 확정 | J26: [v0.92 신규] / [v0.98 수정] 이송 요청·병원 응답 포함 / [v0.107 수정] 병원 PC 토큰 인증 (D-70)
A27: SER-010 | B27: 보안 | C27: 권한별 접근 제어 | D27: 시스템은 권한별로 기능을 제한해야 한다. ① 승인 대기: '승인 대기 중' 화면만 ② 구급대원: ①+이송 요청·팀·이송·전화 결과 기록 ③ 병원 담당자: 라이선스 키로 등록한 PC의 병원 웹(자기 병원 대상 요청만) ④ 관리자: 관리자 웹 전체(통계는 관리자만) ⑤ 정지된 대원: 로그인 불가 | E27: 권한 밖 기능 접근 0건 | F27: 권한별 시나리오 테스트 | G27: SFR-022, 082, 116 | H27: 백강욱 | I27: 확정 | J27: [v0.92 신규] / [v0.98 수정] 병원 담당자 권한 추가 / [v0.107 수정] 병원 PC 등록·정지 계정 반영 (D-70, D-75) / [v0.109 수정] 승인 대기 화면 단순화 (D-95)
A28: SER-011 | B28: 보안 | C28: 로그인 실패 제한 | D28: 대원 앱 로그인, 관리자 웹 로그인(OTP 포함), 병원 웹 라이선스 키 입력은 연속으로 실패하면 목표값만큼 잠가야 한다. | E28: 5회 실패 시 10분 잠금 | F28: 로그인 테스트 | G28: SFR-018, 082, 116, 152 | H28: 백강욱 | I28: 확정 | J28: [v0.92 신규] 관리자 계정 보호 / [v0.102 수정] 병원 웹 포함 (D-54) / [v0.107 수정] 병원은 라이선스 키 입력 기준, 앱 PIN·OTP 추가 (D-70, D-74, D-75) / [v1.4 수정] 앱 PIN 삭제 (D-110) / [v1.4.2 수정] 삭제된 SFR-150 참조 제거 (CR-006)
A29: SER-012 | B29: 개인정보 | C29: 환자 식별 정보 미수집 | D29: 시스템은 환자 이름·주민등록번호·연락처 등 환자를 식별할 수 있는 정보를 입력받거나 저장하지 않아야 한다. 단, 구급활동일지 초안(SFR-164)에서 대원이 단말에 직접 입력하는 칸은 예외로 하며, 그 값은 서버로 보내거나 저장하지 않는다(DAR-015). | E29: 서버 저장 필드 0개 · 서버 전송 0건 (일지 초안 단말 입력란은 예외) | F29: 화면·DB 점검 | G29: SFR-108 | H29: 백강욱 | I29: 확정 | J29: [v0.98 신규] 9/29 회의 / [v0.99 수정] 성별·추정 나이대는 식별 정보가 아님 (D-40) / [v1.4.1 수정] 일지 초안 단말 입력란 예외 (CR-005, D-124)
A30: SER-013 | B30: 보안 | C30: 병원별 요청 열람 제한 | D30: 병원 계정은 자기 병원에 보낸 이송 요청만 조회·응답할 수 있어야 한다. | E30: 다른 병원 요청 열람 0건 | F30: 권한 테스트 | G30: SFR-116, 118 | H30: 백강욱 | I30: 확정 | J30: [v0.98 신규]
A31: SER-014 | B31: 개인정보 | C31: 닫힌 요청 환자 정보 열람 차단 | D31: 병원 웹에서 요청이 닫히면(다른 병원 확정·거절·만료·승인 해제·승인 취소·목적지 변경으로 빠짐·수용 불가·이송 취소) 그 병원은 해당 요청의 환자 평가 정보를 볼 수 없어야 하며, 요청 시각과 결과만 표시한다. 실제로 환자를 받는 병원(확정 병원)만 도착 처리 후 1시간(초안)까지 열람할 수 있다. | E31: 닫힌 요청의 환자 정보 조회 성공 0건 | F31: 권한 테스트(병원 웹 화면·API 직접 호출) | G31: SFR-118, 125, 127, 077, 128, 158 | H31: 백강욱 | I31: 확정 | J31: [v0.101 신규] 결정 D-56 / [v0.107 수정] 닫히는 경우 추가 (D-77) / [v0.110 수정] 확정 병원 열람 끝 시점 (D-96)
A32: DAR-001 | B32: 데이터 | C32: 진료가능 항목→필수 병상 매핑표 | D32: 진료가능 항목마다 반드시 필요한 병상 종류(응급실/중환자실/수술실)를 정의한 표를 관리해야 한다. | E32: 10_부록 C 전 항목 | F32: PM 확정표 기준 테스트 (의료 검증은 향후) | G32: SFR-030 | H32: 백강욱 | I32: 확정 | J32: [v0.96 수정] 초안 작성(10_부록 C), 의료 검증 전 — D-21 / [v0.102 수정] PM 초안으로 확정 (D-21) / [v0.103 수정] 이름 통일 (오류 25)
A33: DAR-002 | B33: 데이터 | C33: 증상·부위→태그 매핑표 | D33: 대원이 고르는 증상 선택지가 어떤 진료가능 항목에 해당하는지 정의한 표를 관리해야 한다. | E33: 10_부록 B 선택지 16개 | F33: PM 확정표 기준 테스트 (의료 검증은 향후) | G33: SFR-003 | H33: 백강욱 | I33: 확정 | J33: [v0.96 수정] 초안 작성(10_부록 B), 의료 검증 전 — D-21 / [v0.102 수정] PM 초안으로 확정 (D-21)
A34: DAR-003 | B34: 데이터 | C34: 계정 정보 보관 | D34: 계정·프로필은 탈퇴 즉시 삭제하고, 반려된 가입 신청은 반려일로부터 목표값 후 삭제해야 한다. | E34: 반려 신청 30일 | F34: 삭제 배치 확인 | G34: SFR-071, 083 | H34: 승언 | I34: 확정 | J34: [v0.92 신규] / [v1.3 담당] 확인 담당 백강욱 → 승언 (D-109: 자동 파기 배치)
A35: DAR-004 | B35: 데이터 | C35: 전화 결과·거절 기록 보관 | D35: 전화 결과·거절 기록은 대원 계정과 연결하지 않고 목표값 동안 보관해야 한다. | E35: 1년 | F35: 데이터 검토 | G35: SFR-034, 126 | H35: 백강욱 | I35: 확정 | J35: [v0.92 신규] 결정 C-11
... A61: QUR-014 | B61: 운영 | C61: 일 단위 정합성 점검 | D61: 시스템은 매일 1번 데이터 정합성을 점검해야 한다: ① 마지막 활동 후 2시간이 지났는데 진행 중인 이송 건 ② 확정됐는데 다른 병원 요청이 닫히지 않은 건 ③ 보내지 못한 이벤트(outbox) ④ 계정과 연결된 채 남은 위치 기록. 발견하면 관리자 알림 목록(SFR-100)에 올린다. | E61: 매일 1회, 발견 0건 목표 | F61: 일부러 어긋난 데이터를 넣고 점검 확인 | G61: SFR-086, 100, SER-002 | H61: 백강욱 | I61: 확정 | J61: [v1.4 신규] 배민 일 단위 대사 작업 참고 (CR-004, D-122)

Sheet 05_제약사항
A1: 5.1 제약사항
A2: ID | B2: 분류 | C2: 제약명 | D2: 내용 | E2: 상태 | F2: 비고
A3: COR-001 | B3: 일정 | C3: 개발 기간 | D3: 개발 기간은 8주(1주 스프린트 8회)이다. S8은 통합·부하 테스트, 버그 수정, 시연 리허설 주간이다. | E3: 확정
A4: COR-002 | B4: 기술 | C4: 앱 개발 스택 | D4: 구급대원 앱은 React Native로 개발하며, Android와 iOS를 같은 코드로 빌드한다. | E4: 확정 | F4: [v0.99 수정] 카카오 내비 SDK는 React Native 공식 지원이 없어 네이티브 모듈로 연결 (D-26) / [v0.111 수정] Android·iOS 같은 코드, 네이티브 모듈은 OS마다 연결 (D-97)
A5: COR-003 | B5: 기술 | C5: 지도·경로 안내 수단 | D5: 자체 지도를 구현하지 않는다. 앱 안 경로 안내는 카카오 내비 SDK를 OS마다(Android·iOS) 네이티브 모듈로 연결해 쓰고, 그 OS의 S1 검증에서 불가하면 그 OS는 카카오내비 앱 호출로 바꾼다. iOS 연결은 Android 연결 뒤에 붙이며, 그 전까지 iOS는 카카오내비 앱 호출로 충족한다(D-97). 예상 이동시간은 서버에서 카카오 길찾기 API로 산출한다. 경로 안내는 앱 안 안내 또는 카카오내비 앱으로 목적지 전달 중 하나면 충족한다(SFR-031, D-91). 지도 표시(예비 추천 지도·승인 병원 지도·관리자 응급실 입구 좌표 지정)는 카카오 지도 SDK(앱: React Native 연결, 웹: JavaScript)를 쓰고 S1 검증 스파이크에 포함한다. | E5: 확정 | F5: 결정 D-07, D-26 / [v0.99 수정] TMAP → 카카오 / [v0.108 수정] D-91 / [v0.110 수정] 지도 SDK (D-96) / [v0.111 수정] iOS 내비 연결 순서 (D-97)
A6: COR-004 | B6: 운영 | C6: 개발·시연·운영 환경 분리 | D6: 개발·테스트 환경, 시연 환경, 운영 환경의 서버·데이터를 서로 분리한다. 시연 환경 데이터는 운영 데이터·통계와 섞이지 않는다. | E6: 확정 | F6: [v0.92 신규] 테스트 중 운영 데이터 훼손 방지 / [v0.103 수정] 시연 환경을 운영과 분리 (오류 2) / [v1.4.2] 초안 → 확정 (CR-006)
A7: COR-007 | B7: 범위 | C7: 소속기관 코드·관리자 계정 등록 | D7: 소속기관 코드 목록(소방서 단위)과 관리자 계정은 초기 데이터로 등록하며, 이를 관리하는 화면과 관리자 가입 메뉴는 이번 범위에서 만들지 않는다. 시연용 대원 계정(이름·소방서·계급·안전센터·사번)도 초기 데이터로 넣는다. | E7: 확정 | F7: [v0.96 신규] SFR-017 '등록된 코드'의 출처, 검토 지적 반영 / [v0.107 수정] 관리자 가입 메뉴 없음 명시 (D-75) / [v0.108 수정] 목록 초대가 S5로 이동 (D-85) / [v1.4.2] 초안 → 확정 (CR-006)
A8: COR-006 | B8: 기술 | C8: 지원 플랫폼 | D8: 구급대원 앱은 Android 10 이상 스마트폰과 iOS 16 이상 iPhone(초안)을 지원한다. 화면과 기능은 같고, OS 차이(위치 기록 표시·권한·생체 인증·푸시·무음 모드)는 COR-014를 따른다. | E8: 확정 | F8: [v0.96 신규] 결정 D-22 / [v0.111 수정] iOS 지원 (D-97, D-22 번복)
A9: COR-005 | B9: 구조 | C9: 구급대원 서비스 전용 백엔드 | D9: 백엔드·DB는 구급대원 앱·병원 웹·관리자 웹 전용으로 개발하며, 일반인 앱과 공유하지 않는다. | E9: 확정 | F9: [v0.98 수정] 결정 D-35 (일반인 팀은 별도 진행)
A10: COR-009 | B10: 기술 | C10: 대원 푸시 알림 수단 | D10: 앱이 백그라운드일 때 대원 알림(SFR-130)은 Firebase Cloud Messaging(FCM)으로 보낸다. iOS는 FCM이 Apple 푸시(APNs)로 전달하며, APNs 인증 키를 Firebase에 등록한다. 푸시는 서버가 Firebase에 요청해 보내며 별도 푸시 서버는 두지 않는다. 앱이 화면에 켜져 있으면 실시간 연결로, 백그라운드·종료 상태면 FCM으로 알린다. | E10: 확정 | F10: [v0.100 신규] 결정 D-51 / [v0.111 수정] iOS는 APNs 경유 (D-97) / [v1.4 수정] 푸시 구조 명시 (D-119) / [v1.4.2] 초안 → 확정 (CR-006)
A11: COR-008 | B11: 구조 | C11: 병원 웹·관리자 웹 구성 | D11: 병원 웹은 관리자 웹과 같은 웹 프로젝트(Next.js)에서 권한으로 화면을 나눠(/hospital, /admin) 개발하고, 요청 알림은 서버와의 실시간 연결로 받는다. 브라우저 정책상 근무 시작 때 '알림 켜기'를 한 번 눌러야 소리가 난다. 병원 웹은 웹 브라우저로만 제공하며, 설치형 PC 프로그램과 설치형 웹앱(PWA)은 이번 범위에서 만들지 않는다. 병원 PC 안내서에 '브라우저 설정에서 병원 웹을 항상 활성 상태로 유지할 사이트로 등록'을 넣는다(탭 절전 방지, SFR-161). 배포는 관리자 화면만 별도 서버로 분리한다(COR-016). | E11: 확정 | F11: [v0.98 신규] 결정 D-27 / [v0.107 수정] 웹만 (D-72) / [v0.108 수정] 탭 절전 방지 안내 (D-93) / [v1.4 수정] 관리자 분리 배포 (D-117) / [v1.4.2] 초안 → 확정 (CR-006)
A12: COR-010 | B12: 운영 | C12: 시연 환경 구성 | D12: 시연은 앱 기능이 아닌 환경 구성으로 한다. ① 시연 서버는 공공 API 대신 준비한 고정 병상 데이터를 읽는다 ② 위치 이동은 Android 에뮬레이터·iOS 시뮬레이터 경로 재생 또는 단말의 모의 위치로 한다 ③ 병원 응답은 가짜 병원 계정 여러 개로 팀원이 병원 웹에서 직접 조작한다 ④ 환자 정보는 가상 데이터만 쓴다. ⑤ 병원 웹은 병원마다 브라우저 프로필을 따로 만들어 띄운다(PC 등록 쿠키가 프로필마다 따로 저장됨). | E12: 확정 | F12: [v0.103 신규] 모의 모드 삭제 대체 (D-60) / [v0.108 수정] 시연 준비 (검토) / [v0.111 수정] iOS 시뮬레이터 (D-97)
A13: COR-011 | B13: 범위 | C13: 대상 구급차 | D13: 이번 범위는 119 구급대만 대상으로 한다. 사설(민간) 구급차는 가입·인증 체계와 법적 지위가 달라 향후 과제로 둔다. | E13: 확정 | F13: [v0.107 신규] 결정 D-69 (9/30 회의)
A14: COR-012 | B14: 기술 | C14: 병원 PC 등록 방식 | D14: 라이선스 키가 맞으면 서버는 PC 등록 토큰을 발급해 브라우저의 httpOnly 쿠키에 저장하고, 병원 웹 요청마다 이 토큰으로 병원을 확인한다. 쿠키가 지워지면 키를 다시 입력하고 기존 PC를 교체한다(SFR-116). | E14: 확정 | F14: [v0.107 신규] 결정 D-70 / [v1.4.2] 초안 → 확정 (CR-006)
A15: COR-013 | B15: 운영 | C15: 라이선스 키 전달 | D15: 관리자는 라이선스 키를 이메일·문자로 보내지 않고, 병원 대표번호로 전화해 응급실 책임자를 확인한 뒤 말로 전달한다. 키는 응급실 책임자가 보관한다. | E15: 확정 | F15: [v0.107 신규] 결정 D-70 / [v1.4.2] 초안 → 확정 (CR-006)
... A18: COR-016 | B18: 운영 | C18: 운영 서버 구성 | D18: 운영 환경은 앱 서버 2대 + 로드밸런서 + 데이터 서버 1대(DB·공유 저장소) + 객체 저장소로 구성한다. 앱 서버끼리 공유할 상태(실시간 연결·타이머·요청 제한·호출 수)는 서버 메모리에 두지 않고 공유 저장소나 DB에 둔다. 주기 작업은 서버 수와 상관없이 한 번만 실행되게 한다. 배포는 앱 서버를 1대씩 차례로 교체한다. DB 복제는 범위 밖이며 매일 백업(QUR-010)으로 대신한다. 상태 점검은 서버 밖 외부 서비스로 한다. 관리자 웹은 로드밸런서 뒤 앱 서버와 따로 관리자 전용 서버 1대에서 운영하고 접속 IP를 제한하며, 같은 DB·공유 저장소를 쓴다(대원 정지 시 즉시 차단, SER-016). 구급대원·병원 기능은 같은 이송 건을 함께 바꾸므로 한 백엔드에 둔다. | E18: 확정 | F18: [v1.2 신규] 전국 운영 규모와 서버 1대 장애 시 전국 중단 문제 (CR-002, D-105·106) / [v1.4 수정] 관리자 웹 독립 서버, 구급대원·병원 서버는 분리하지 않음 (CR-004, D-117·118)
A20: 5.2 가정 및 의존성
A21: ID | B21: 구분 | C21: 내용 | D21: 영향 / 비고
A22: ASM-01 | B22: 가정 | C22: 공공 병상 데이터는 실시간이 아니며 갱신 시차가 있다. | D22: 시차 때문에 '참고용' 표시와 전화 확인이 필요 (SFR-032, 081)
A23: ASM-02 | B23: 가정 | C23: 구급차 운행 구간에는 통신 두절 지역(산간·터널·지하)이 존재한다. | D23: 오프라인 대응(03 탭 '오프라인' 분류)과 통신 두절 시 바로 예비 흐름(SFR-109)의 근거
A24: ASM-03 | B24: 가정 | C24: 음성 통화는 데이터 통신과 별개로 동작한다. | D24: 오프라인 전화 활성(SFR-061)의 근거
A25: ASM-04 | B25: 의존 | C25: 카카오 내비 SDK를 Android·iOS 각각 React Native 네이티브 모듈로 연결할 수 있어야 한다. | D25: OS별 S1 검증 스파이크로 확인, 불가 시 그 OS는 카카오내비 앱 호출로 전환 (D-26, D-97)
A26: ASM-05 | B26: 의존 | C26: 공공 데이터 일일 호출 한도(개발계정 10,000회) 안에서 운영 환경은 전국 17개 시·도를 3분 주기로 수집한다 (하루 약 8,160회, 한도의 약 82%). 시연 환경은 고정 데이터를 쓰고(COR-010), 개발 환경은 개발용 키로 수집 대상을 줄여 테스트한다. | D26: 개발·운영 키를 분리하고 한도 증량(활용사례 등록)을 함께 신청 / 하루 호출 수 감시: 80% 알림·100% 수집 중단 (SFR-090) / 실시간 병상 값이 없는 병원은 '병상 정보 없음'으로 따로 표시 (D-89) / [v1.2 수정] 시·도 1곳 → 전국 (CR-002, D-104, D-59 번복)
A27: ASM-08 | B27: 가정 | C27: 병원 응급실에는 병원 웹을 켜 둔 PC가 근무 시간 내내 있다. | D27: 알람 수신의 전제 (SFR-117, 122) / 병원 웹은 PC 화면 기준, 태블릿·폰 화면은 이번 범위 아님 (D-58)
A28: ASM-09 | B28: 가정 | C28: 시연에서는 팀원이 가짜 병원 계정 여러 개로 병원 웹을 직접 조작한다. | D28: 실제 병원 참여 없이 시연 (COR-010)
A29: ASM-07 | B29: 가정 | C29: 중증질환 항목·병상 필드 이름은 공개 활용 코드 기준으로 정리했다. | D29: 공식 API 명세서(V13)로 최종 확인 필요 (10_부록 C·D)
A30: ASM-06 | B30: 의존 | C30: 개발 생산성 확보를 위해 AI 개발 도구를 활용한다. | D30: Must 범위 설정의 근거 (01_개요 참고)
A31: ASM-10 | B31: 가정 | C31: 구급대원 앱은 대원 개인 스마트폰(Android·iPhone)에서만 쓰며, 여러 대원이 함께 쓰는 공용·업무용 단말은 대상이 아니다. | D31: D-57 / [v1.4.1 수정] 개인 폰만 (D-124, D-57 번복)
A32: ASM-11 | B32: 가정 | C32: 팀이 테스트용 iPhone 1대 이상을 확보한다. (iOS 빌드용 맥은 보유 확인) | D32: iOS 실기기 테스트·시연의 전제 (COR-015, D-97)
A33: ASM-12 | B33: 의존 | C33: 길찾기 서비스는 무료 사용량(하루 자동차 길찾기 1만 건·다중 목적지 1천 건·내비 SDK 10만 건) 안에서 운영한다. 요청 때 10km 밖은 추정값, 이동 중은 내비 SDK 값을 써서 서버 호출을 줄인다(SFR-121·129). | D33: 전국 실제 운영은 유료 전환이나 제휴가 필요 / [v1.2 신규] (CR-002, D-106)

Sheet 06_유스케이스
A1: UC-01 병원 승인 후 이송
A2: 구분 | B2: 단계 | C2: 내용 | D2: 관련 요구사항
A3: 액터 | C3: 주 액터: 구급대원(같은 팀 대원 포함) / 보조 액터: 병원 응급실 담당자(병원 웹), 경로 안내 서비스
A4: 목표 | C4: 현장에서 환자 정보를 입력해 반경 안 병원에 한 번에 요청하고, 승인한 병원 중 한 곳으로 이송해 도착까지 기록한다.
A5: 사전조건 | C5: ① 대원 계정 승인 완료 ② 위치정보 수집 동의 ③ 근무 시작 때 팀을 맺은 상태 ④ 반경 안 병원 담당자가 라이선스 키로 등록된 PC에서 병원 웹을 열고 '알림 켜기'를 누른 상태 | D5: SFR-017, 083, 113, 116, 117
A6: 트리거 | C6: 대원이 현장에서 앱을 실행한다.
A7: 기본흐름 | B7: 1 | C7: 시스템은 환자 정보 입력 화면을 첫 화면으로 표시하고, 반경 안 병원 목록을 미리 불러온다. | D7: SFR-107, 001
A8: 기본흐름 | B8: 2 | C8: 대원(또는 같은 팀 대원)이 주 증상·의식 수준·활력징후·통증·외상 여부 등 필수 항목을 입력한다. | D8: SFR-108, 114
A9: 기본흐름 | B9: 3 | C9: 대원이 '병원에 요청'을 누르면, 시스템은 반경 안 요청 대상 병원 전체에 환자 정보와 추정 도착 시간을 동시에 보내고(길찾기 결과로 갱신) 이송 건을 '요청 중'으로 만든다. | D9: SFR-109, 129, 086
A10: 기본흐름 | B10: 4 | C10: 병원 웹은 알림음·브라우저 알림으로 요청을 알리고, 담당자는 환자 정보와 우리 병원 진료가능 여부·병상 현황을 확인한다. | D10: SFR-117, 118
A11: 기본흐름 | B11: 5 | C11: 담당자가 '승인' 또는 '거절'을 누르면, 시스템은 대원 앱에 결과를 즉시 표시하고 첫 승인은 진동·소리로 알린다. 승인 병원은 온 순서대로 쌓아 자리를 바꾸지 않고, 가장 가까운 병원에 '가장 가까움'을 붙인다. | D11: SFR-119, 110, 130
A12: 기본흐름 | B12: 6 | C12: 대원이 승인 병원 중 한 곳을 선택하면, 시스템은 이송 건을 '이동 중'으로 바꾸고 나머지 병원에 '다른 병원으로 이송'을 알린다. | D12: SFR-111, 125
A13: 기본흐름 | B13: 7 | C13: 시스템은 앱 안에서('운전' 역할 단말에서) 경로 안내와 위치 기록을 시작하고, 선택된 병원 웹의 도착 예정 목록에 표시한다. | D13: SFR-031, 132, 036, 037, 121
A14: 기본흐름 | B14: 8 | C14: 대원이 응급실 입구 30m 안에서 시속 10km 이하가 되면 시스템은 '도착 처리할까요?' 버튼을 띄우고, 대원이 누르면 도착 처리하고 익명 소요시간을 저장한 뒤 위치 기록을 익명 이송 경로로 바꾸고, 구급활동일지 초안을 보여준다. | D14: SFR-038, 039, 041
A15: 예외흐름 | B15: E1 (1) | C15: 위치를 가져오지 못해도 시스템은 환자 정보 입력 화면을 유지하고, 반경 옆 '위치 확인 불가 · 주소 입력' 버튼으로 기준 위치를 받는다. | D15: SFR-009
A16: 예외흐름 | B16: E2 (2) | C16: 필수 항목이 비어 있으면, 시스템은 '병원에 요청' 버튼을 비활성으로 두고 빠진 항목을 알려준다. | D16: SFR-107
A17: 예외흐름 | B17: E3 (2) | C17: '운전' 역할 대원의 단말은 주행 중 입력이 잠기고, 다른 팀원이 입력한다. | D17: SFR-115
A18: 예외흐름 | B18: E4 (5) | C18: 2분 안에 승인한 병원이 없거나, 모든 병원이 거절하거나, 대원이 '기다리지 않고 예비로'를 누르면 UC-02로 이어진다. | D18: SFR-112, 124
... A28: 예외흐름 | B28: E14 (7) | C28: 대원이 '목적지 변경'을 길게 누르고 사유를 고르면(이송 건당 1번), 현재 병원을 뺀 반경 안 병원에 새로 요청해 3단계로 돌아간다. | D28: SFR-077, 156
A29: 사후조건 | C29: 이송 건이 '도착' 상태로 종료되고, 요청·응답 기록과 익명 소요시간이 저장되며, 위치 기록은 익명 이송 경로로 바뀌고 팀 연결은 삭제된다(기록 보관: DAR-013). | D29: SFR-086, 126, DAR-005, 010, 013
A32: UC-02 병원 승인 없음 → 예비 흐름 (전화 확인, 통신 두절 포함)
A33: 구분 | B33: 단계 | C33: 내용 | D33: 관련 요구사항
A34: 액터 | C34: 주 액터: 구급대원 / 보조 액터: 공공 응급의료 데이터
A35: 목표 | C35: 병원 승인이 오지 않아도 지체 없이 수용 가능한 병원을 찾아 전화로 확인하고 이송을 이어간다.
A36: 사전조건 | C36: UC-01의 3단계에서 '병원에 요청'을 눌렀다 (요청을 보냈거나, 요청 대상 0곳·통신 두절로 보내지 않음) | D36: SFR-109
A37: 트리거 | C37: 요청 후 2분 동안 승인이 없거나, 요청한 병원이 모두 거절하거나, 유효한 승인이 0곳이 되거나, 5분 동안 병원을 고르지 않거나, 대원이 '기다리지 않고 예비로'를 누르거나, 요청 대상이 0곳·통신 두절이다. | D37: SFR-109, 112, 127
A38: 기본흐름 | B38: 1 | C38: 요청을 보낸 경우 시스템은 응답하지 않은 요청을 닫고, 이송 건을 '예비 추천'으로 바꾼다. | D38: SFR-124, 086
A39: 기본흐름 | B39: 2 | C39: 시스템은 추천 산출 순서에 따라 상위 5곳 추천 카드를 표시한다. 제외 병원(SFR-086)은 뺀다. | D39: SFR-098, 027, 112
A40: 기본흐름 | B40: 3 | C40: 대원이 1순위 병원의 '경로 안내'를 누르면, 시스템은 전화 확인 화면을 표시한다. | D40: SFR-032
A41: 기본흐름 | B41: 4 | C41: 대원이 원터치 전화로 수용 여부를 확인한다. | D41: SFR-033
A42: 기본흐름 | B42: 5 | C42: 대원이 '수용 확정'을 선택하면, 시스템은 결과를 기록하고 이송 건을 '이동 중'으로 바꾼 뒤 UC-01의 7단계로 이어진다. | D42: SFR-034, 086
A43: 예외흐름 | B43: E1 (4) | C43: 병원이 거절하면, 시스템은 거절을 이송 건 기록에만 남기고(병원 거절 통계에는 넣지 않음) 다음 후보의 전화 확인 화면을 바로 표시한다. | D43: SFR-034, 044, 074
A44: 예외흐름 | B44: E2 (4) | C44: 병원이 전화를 받지 않으면, 대원이 '연결 실패'와 사유를 선택하고 시스템은 사유를 기록한 뒤 5단계로 진행한다. | D44: SFR-032, 034
A45: 예외흐름 | B45: E3 (2) | C45: 추천 결과가 0건이면, 시스템은 반경을 한 단계 넓혀(최대 40km) 재조회할지 묻는다. 40km면 '가까운 병원에 전화로 확인하세요'를 표시한다. | D45: SFR-029
A46: 예외흐름 | B46: E4 (2) | C46: 네트워크가 끊긴 상태면, 시스템은 단말 저장 데이터로 후보를 제시하고 오프라인 배너(전화 확인 안내 포함)·'참고용 정보'를 함께 표시하며 전화 버튼은 활성 상태로 둔다. | D46: SFR-061, 064
A47: 예외흐름 | B47: E6 (2) | C47: 대원이 '반경 넓혀 다시 요청'을 누르면, 새로 포함된 병원에 요청을 보내고 UC-01 3단계로 돌아간다. | D47: SFR-131
A48: 예외흐름 | B48: E5 (3~4) | C48: 대원이 결과를 고르지 않고 화면을 닫으면, 시스템은 경로 안내를 시작하지 않고 추천 목록으로 돌아간다. | D48: SFR-075
A49: 사후조건 | C49: 전화 결과·거절은 이송 건 기록에 남고(병원 거절 통계에는 넣지 않음), 이송이 진행되거나 대체 안내가 표시된다. | D49: DAR-004
A52: 유스케이스 그림
A53: 색 구분: 초록 = 기본 흐름, 주황 = 예외 흐름, 노랑 = 판단, 남색 = 시작·끝 / 점선 화살표 = 예외·조건 경로 / 그림은 위 표의 단계 번호와 같다 (v0.98 새 흐름으로 다시 그림)

Sheet 07_우선순위표
A1: 7.1 요구사항 분류별 MoSCoW (삭제 제외, 자동 집계)
A2: 요구사항 분류 | B2: Must | C2: Should | D2: Could | E2: Won't | F2: 합계
A3: 첫 실행·권한 | B3: =COUNTIFS(03_기능요구사항!$B$2:$B$500,$A3,03_기능요구사항!$H$2:$H$500,"Must",03_기능요구사항!$N$2:$N$500,"<>삭제") | C3: =COUNTIFS(03_기능요구사항!$B$2:$B$500,$A3,03_기능요구사항!$H$2:$H$500,"Should",03_기능요구사항!$N$2:$N$500,"<>삭제") | D3: =COUNTIFS(03_기능요구사항!$B$2:$B$500,$A3,03_기능요구사항!$H$2:$H$500,"Could",03_기능요구사항!$N$2:$N$500,"<>삭제") | E3: =COUNTIFS(03_기능요구사항!$B$2:$B$500,$A3,03_기능요구사항!$H$2:$H$500,"Won't",03_기능요구사항!$N$2:$N$500,"<>삭제") | F3: =SUM(B3:E3)
A4: 로그인 | B4: =COUNTIFS(03_기능요구사항!$B$2:$B$500,$A4,03_기능요구사항!$H$2:$H$500,"Must",03_기능요구사항!$N$2:$N$500,"<>삭제") | C4: =COUNTIFS(03_기능요구사항!$B$2:$B$500,$A4,03_기능요구사항!$H$2:$H$500,"Should",03_기능요구사항!$N$2:$N$500,"<>삭제") | D4: =COUNTIFS(03_기능요구사항!$B$2:$B$500,$A4,03_기능요구사항!$H$2:$H$500,"Could",03_기능요구사항!$N$2:$N$500,"<>삭제") | E4: =COUNTIFS(03_기능요구사항!$B$2:$B$500,$A4,03_기능요구사항!$H$2:$H$500,"Won't",03_기능요구사항!$N$2:$N$500,"<>삭제") | F4: =SUM(B4:E4)
A5: 회원가입·계정 | B5: =COUNTIFS(03_기능요구사항!$B$2:$B$500,$A5,03_기능요구사항!$H$2:$H$500,"Must",03_기능요구사항!$N$2:$N$500,"<>삭제") | C5: =COUNTIFS(03_기능요구사항!$B$2:$B$500,$A5,03_기능요구사항!$H$2:$H$500,"Should",03_기능요구사항!$N$2:$N$500,"<>삭제") | D5: =COUNTIFS(03_기능요구사항!$B$2:$B$500,$A5,03_기능요구사항!$H$2:$H$500,"Could",03_기능요구사항!$N$2:$N$500,"<>삭제") | E5: =COUNTIFS(03_기능요구사항!$B$2:$B$500,$A5,03_기능요구사항!$H$2:$H$500,"Won't",03_기능요구사항!$N$2:$N$500,"<>삭제") | F5: =SUM(B5:E5)
A6: 팀 | B6: =COUNTIFS(03_기능요구사항!$B$2:$B$500,$A6,03_기능요구사항!$H$2:$H$500,"Must",03_기능요구사항!$N$2:$N$500,"<>삭제") | C6: =COUNTIFS(03_기능요구사항!$B$2:$B$500,$A6,03_기능요구사항!$H$2:$H$500,"Should",03_기능요구사항!$N$2:$N$500,"<>삭제") | D6: =COUNTIFS(03_기능요구사항!$B$2:$B$500,$A6,03_기능요구사항!$H$2:$H$500,"Could",03_기능요구사항!$N$2:$N$500,"<>삭제") | E6: =COUNTIFS(03_기능요구사항!$B$2:$B$500,$A6,03_기능요구사항!$H$2:$H$500,"Won't",03_기능요구사항!$N$2:$N$500,"<>삭제") | F6: =SUM(B6:E6)
A7: 환자 정보 입력 | B7: =COUNTIFS(03_기능요구사항!$B$2:$B$500,$A7,03_기능요구사항!$H$2:$H$500,"Must",03_기능요구사항!$N$2:$N$500,"<>삭제") | C7: =COUNTIFS(03_기능요구사항!$B$2:$B$500,$A7,03_기능요구사항!$H$2:$H$500,"Should",03_기능요구사항!$N$2:$N$500,"<>삭제") | D7: =COUNTIFS(03_기능요구사항!$B$2:$B$500,$A7,03_기능요구사항!$H$2:$H$500,"Could",03_기능요구사항!$N$2:$N$500,"<>삭제") | E7: =COUNTIFS(03_기능요구사항!$B$2:$B$500,$A7,03_기능요구사항!$H$2:$H$500,"Won't",03_기능요구사항!$N$2:$N$500,"<>삭제") | F7: =SUM(B7:E7)
A8: 병원 요청·응답 | B8: =COUNTIFS(03_기능요구사항!$B$2:$B$500,$A8,03_기능요구사항!$H$2:$H$500,"Must",03_기능요구사항!$N$2:$N$500,"<>삭제") | C8: =COUNTIFS(03_기능요구사항!$B$2:$B$500,$A8,03_기능요구사항!$H$2:$H$500,"Should",03_기능요구사항!$N$2:$N$500,"<>삭제") | D8: =COUNTIFS(03_기능요구사항!$B$2:$B$500,$A8,03_기능요구사항!$H$2:$H$500,"Could",03_기능요구사항!$N$2:$N$500,"<>삭제") | E8: =COUNTIFS(03_기능요구사항!$B$2:$B$500,$A8,03_기능요구사항!$H$2:$H$500,"Won't",03_기능요구사항!$N$2:$N$500,"<>삭제") | F8: =SUM(B8:E8)
A9: 추천 목록(예비) | B9: =COUNTIFS(03_기능요구사항!$B$2:$B$500,$A9,03_기능요구사항!$H$2:$H$500,"Must",03_기능요구사항!$N$2:$N$500,"<>삭제") | C9: =COUNTIFS(03_기능요구사항!$B$2:$B$500,$A9,03_기능요구사항!$H$2:$H$500,"Should",03_기능요구사항!$N$2:$N$500,"<>삭제") | D9: =COUNTIFS(03_기능요구사항!$B$2:$B$500,$A9,03_기능요구사항!$H$2:$H$500,"Could",03_기능요구사항!$N$2:$N$500,"<>삭제") | E9: =COUNTIFS(03_기능요구사항!$B$2:$B$500,$A9,03_기능요구사항!$H$2:$H$500,"Won't",03_기능요구사항!$N$2:$N$500,"<>삭제") | F9: =SUM(B9:E9)
A10: 병원 상세 | B10: =COUNTIFS(03_기능요구사항!$B$2:$B$500,$A10,03_기능요구사항!$H$2:$H$500,"Must",03_기능요구사항!$N$2:$N$500,"<>삭제") | C10: =COUNTIFS(03_기능요구사항!$B$2:$B$500,$A10,03_기능요구사항!$H$2:$H$500,"Should",03_기능요구사항!$N$2:$N$500,"<>삭제") | D10: =COUNTIFS(03_기능요구사항!$B$2:$B$500,$A10,03_기능요구사항!$H$2:$H$500,"Could",03_기능요구사항!$N$2:$N$500,"<>삭제") | E10: =COUNTIFS(03_기능요구사항!$B$2:$B$500,$A10,03_기능요구사항!$H$2:$H$500,"Won't",03_기능요구사항!$N$2:$N$500,"<>삭제") | F10: =SUM(B10:E10)
A11: 전화 확인(예비) | B11: =COUNTIFS(03_기능요구사항!$B$2:$B$500,$A11,03_기능요구사항!$H$2:$H$500,"Must",03_기능요구사항!$N$2:$N$500,"<>삭제") | C11: =COUNTIFS(03_기능요구사항!$B$2:$B$500,$A11,03_기능요구사항!$H$2:$H$500,"Should",03_기능요구사항!$N$2:$N$500,"<>삭제") | D11: =COUNTIFS(03_기능요구사항!$B$2:$B$500,$A11,03_기능요구사항!$H$2:$H$500,"Could",03_기능요구사항!$N$2:$N$500,"<>삭제") | E11: =COUNTIFS(03_기능요구사항!$B$2:$B$500,$A11,03_기능요구사항!$H$2:$H$500,"Won't",03_기능요구사항!$N$2:$N$500,"<>삭제") | F11: =SUM(B11:E11)
A12: 경로 안내 | B12: =COUNTIFS(03_기능요구사항!$B$2:$B$500,$A12,03_기능요구사항!$H$2:$H$500,"Must",03_기능요구사항!$N$2:$N$500,"<>삭제") | C12: =COUNTIFS(03_기능요구사항!$B$2:$B$500,$A12,03_기능요구사항!$H$2:$H$500,"Should",03_기능요구사항!$N$2:$N$500,"<>삭제") | D12: =COUNTIFS(03_기능요구사항!$B$2:$B$500,$A12,03_기능요구사항!$H$2:$H$500,"Could",03_기능요구사항!$N$2:$N$500,"<>삭제") | E12: =COUNTIFS(03_기능요구사항!$B$2:$B$500,$A12,03_기능요구사항!$H$2:$H$500,"Won't",03_기능요구사항!$N$2:$N$500,"<>삭제") | F12: =SUM(B12:E12)
A13: 이송 관리 | B13: =COUNTIFS(03_기능요구사항!$B$2:$B$500,$A13,03_기능요구사항!$H$2:$H$500,"Must",03_기능요구사항!$N$2:$N$500,"<>삭제") | C13: =COUNTIFS(03_기능요구사항!$B$2:$B$500,$A13,03_기능요구사항!$H$2:$H$500,"Should",03_기능요구사항!$N$2:$N$500,"<>삭제") | D13: =COUNTIFS(03_기능요구사항!$B$2:$B$500,$A13,03_기능요구사항!$H$2:$H$500,"Could",03_기능요구사항!$N$2:$N$500,"<>삭제") | E13: =COUNTIFS(03_기능요구사항!$B$2:$B$500,$A13,03_기능요구사항!$H$2:$H$500,"Won't",03_기능요구사항!$N$2:$N$500,"<>삭제") | F13: =SUM(B13:E13)
A14: 위치 기록·도착 | B14: =COUNTIFS(03_기능요구사항!$B$2:$B$500,$A14,03_기능요구사항!$H$2:$H$500,"Must",03_기능요구사항!$N$2:$N$500,"<>삭제") | C14: =COUNTIFS(03_기능요구사항!$B$2:$B$500,$A14,03_기능요구사항!$H$2:$H$500,"Should",03_기능요구사항!$N$2:$N$500,"<>삭제") | D14: =COUNTIFS(03_기능요구사항!$B$2:$B$500,$A14,03_기능요구사항!$H$2:$H$500,"Could",03_기능요구사항!$N$2:$N$500,"<>삭제") | E14: =COUNTIFS(03_기능요구사항!$B$2:$B$500,$A14,03_기능요구사항!$H$2:$H$500,"Won't",03_기능요구사항!$N$2:$N$500,"<>삭제") | F14: =SUM(B14:E14)
... A21: 범위 제외 | B21: =COUNTIFS(03_기능요구사항!$B$2:$B$500,$A21,03_기능요구사항!$H$2:$H$500,"Must",03_기능요구사항!$N$2:$N$500,"<>삭제") | C21: =COUNTIFS(03_기능요구사항!$B$2:$B$500,$A21,03_기능요구사항!$H$2:$H$500,"Should",03_기능요구사항!$N$2:$N$500,"<>삭제") | D21: =COUNTIFS(03_기능요구사항!$B$2:$B$500,$A21,03_기능요구사항!$H$2:$H$500,"Could",03_기능요구사항!$N$2:$N$500,"<>삭제") | E21: =COUNTIFS(03_기능요구사항!$B$2:$B$500,$A21,03_기능요구사항!$H$2:$H$500,"Won't",03_기능요구사항!$N$2:$N$500,"<>삭제") | F21: =SUM(B21:E21)
A22: 합계 | B22: =SUM(B3:B21) | C22: =SUM(C3:C21) | D22: =SUM(D3:D21) | E22: =SUM(E3:E21) | F22: =SUM(F3:F21)
A23: ※ 목록에서 우선순위별로 보려면 03_기능요구사항 탭에서 '필터 보기'로 우선순위 열을 필터링하세요.
A25: 7.2 스프린트 계획 (1주 단위, 자동 집계)
A26: 스프린트 | B26: 기간 | C26: 목표 | D26: Must | E26: 전체
A27: S1 | B27: 1주차 | C27: 기반: 모노레포·DB 스키마·CI + 병상 수집기(전국 17개 시·도, 작업 큐) + Redis·BullMQ(COR-016) + 병원 상세 화면 + 카카오 내비·지도 SDK 검증(남은 시간 값 포함, Android·iOS) + iOS 빌드·TestFlight·APNs(COR-015) + 웹 프로젝트·디자인 시스템 + 승언: 카카오 내비 SDK 사용 승인·공공데이터 운영계정 신청·로드밸런서 웹소켓 확인 | D27: =COUNTIFS(03_기능요구사항!$J$2:$J$500,"S1",03_기능요구사항!$H$2:$H$500,"Must") | E27: =COUNTIF(03_기능요구사항!$J$2:$J$500,"S1")
A28: S2 | B28: 2주차 | C28: 로그인·토큰(요청마다 계정 상태 확인)·로그아웃·탈퇴 + 팀 맺기 + 환자 정보 입력(첫 화면) + 추천 산출 순서 + 권한 요청 + 주소 입력 + 병원 측 준비: 관리자 로그인·병원 계정 발급·작업 이력·병원 PC 등록(라이선스 키) | D28: =COUNTIFS(03_기능요구사항!$J$2:$J$500,"S2",03_기능요구사항!$H$2:$H$500,"Must") | E28: =COUNTIF(03_기능요구사항!$J$2:$J$500,"S2")
A29: S3 | B29: 3주차 | C29: 핵심 한 바퀴(요청 → 승인 → 선택 → 출발): 동시 전송·전달 확인·실시간 응답·2분 만료·예비 전환·상태 변경 충돌·진행 중 1건 + 병원 웹(알림 켜기·요청 목록·상세·승인/거절·재연결 복구) + 이송 취소·수동 도착 + 대원 알림 + 경로 안내 + 반경 | D29: =COUNTIFS(03_기능요구사항!$J$2:$J$500,"S3",03_기능요구사항!$H$2:$H$500,"Must") | E29: =COUNTIF(03_기능요구사항!$J$2:$J$500,"S3")
A30: S4 | B30: 4주차 | C30: 예외·예비 흐름: 승인 유효 5분·승인 취소·선택 재확인·두 PC 동시 응답·앱 재실행 복구 + 전화 확인 전체 + 반경 넓혀 다시 요청 + 병원 웹 보완(요청 중지·메모·도착 예정·알림 권한 거부) + 병원 등급 선택·요청 대상 미리보기 | D30: =COUNTIFS(03_기능요구사항!$J$2:$J$500,"S4",03_기능요구사항!$H$2:$H$500,"Must") | E30: =COUNTIF(03_기능요구사항!$J$2:$J$500,"S4")
A31: S5 | B31: 5주차 | C31: 가입·보안·위치: 공무원증 가입·승인·팀원 목록 초대·열람 기록·위치 고지 + 위치 기록·도착 버튼 + 오프라인 저장·문구 + 관리자 웹(알림 목록·키 폐기·PC 관리·대원 정지·OTP) + 병원 웹 도착 확인 + 개인정보 자동 파기 배치(승언) + 라이선스 만료 배너 | D31: =COUNTIFS(03_기능요구사항!$J$2:$J$500,"S5",03_기능요구사항!$H$2:$H$500,"Must") | E31: =COUNTIF(03_기능요구사항!$J$2:$J$500,"S5")
A32: S6 | B32: 6주차 | C32: 팀 보완(공동 입력·운전자 잠금·운전 단말 안내) + 입력 보완(증상 필터·KTAS·연령) + 목적지 변경·정보 갱신·직전 환자 정보 + 오프라인 대응·동기화 + 병원 웹 보완(과승인·이상 수치·입구 좌표) + 설정 + 응답·거절·시간 기록 + 통계 집계(승언) + 구급활동일지 초안·내보내기 + 일 단위 정합성 점검 | D32: =COUNTIFS(03_기능요구사항!$J$2:$J$500,"S6",03_기능요구사항!$H$2:$H$500,"Must") | E32: =COUNTIF(03_기능요구사항!$J$2:$J$500,"S6")
A33: S7 | B33: 7주차 | C33: 앱 서버 2번째 연결(T-10) + Should 마무리(승인 병원 지도·경로 안내 실패 대체·안내 중 전화 버튼·직전 승인 병원 표시) + Could 기능 + 실기기 통합 테스트 + iOS 앱 안 내비 연결 + 음성 입력·AI 일지 정리 + 관리자 독립 서버 + 기능 토글 | D33: =COUNTIFS(03_기능요구사항!$J$2:$J$500,"S7",03_기능요구사항!$H$2:$H$500,"Must") | E33: =COUNTIF(03_기능요구사항!$J$2:$J$500,"S7")
A34: S8 | B34: 8주차 | C34: 통합 테스트(Android·iPhone 실기기) + 부하 테스트(승언 작성·실행, 백강욱 분석·튜닝, 동시 연결 5,000·동시 이송 300·알림 3초) + 서버 1대 장애 테스트(QUR-012) + 버그 수정 + 시연 리허설 + 문서 마무리 | D34: =COUNTIFS(03_기능요구사항!$J$2:$J$500,"S8",03_기능요구사항!$H$2:$H$500,"Must") | E34: =COUNTIF(03_기능요구사항!$J$2:$J$500,"S8")
A37: 7.3 담당별 요구사항 수 (자동 집계, 삭제 제외)
A38: 담당 | B38: 역할 | C38: 서버 담당 (전체) | D38: 서버 Must | E38: 화면 담당 (전체)
A39: 백강욱 | B39: PM · 이송 핵심·인프라·보안 (40%) | C39: =COUNTIFS(03_기능요구사항!$M$2:$M$500,"백강욱 /*",03_기능요구사항!$N$2:$N$500,"<>삭제") | D39: =COUNTIFS(03_기능요구사항!$M$2:$M$500,"백강욱 /*",03_기능요구사항!$N$2:$N$500,"<>삭제",03_기능요구사항!$H$2:$H$500,"Must") | E39: =COUNTIFS(03_기능요구사항!$M$2:$M$500,"*/ 백강욱",03_기능요구사항!$N$2:$N$500,"<>삭제")
A40: 진아 | B40: 대원 앱 (30%) | C40: =COUNTIFS(03_기능요구사항!$M$2:$M$500,"진아 /*",03_기능요구사항!$N$2:$N$500,"<>삭제") | D40: =COUNTIFS(03_기능요구사항!$M$2:$M$500,"진아 /*",03_기능요구사항!$N$2:$N$500,"<>삭제",03_기능요구사항!$H$2:$H$500,"Must") | E40: =COUNTIFS(03_기능요구사항!$M$2:$M$500,"*/ 진아",03_기능요구사항!$N$2:$N$500,"<>삭제")
A41: 승언 | B41: 병원·관리자 (30%) | C41: =COUNTIFS(03_기능요구사항!$M$2:$M$500,"승언 /*",03_기능요구사항!$N$2:$N$500,"<>삭제") | D41: =COUNTIFS(03_기능요구사항!$M$2:$M$500,"승언 /*",03_기능요구사항!$N$2:$N$500,"<>삭제",03_기능요구사항!$H$2:$H$500,"Must") | E41: =COUNTIFS(03_기능요구사항!$M$2:$M$500,"*/ 승언",03_기능요구사항!$N$2:$N$500,"<>삭제")
A42: 요구사항 수가 아니라 난이도로 나눴다: 서버 담당 수가 많은 백강욱은 실시간·동시성·타이머·추천처럼 어려운 로직을, 진아·3은 화면 + 자기 기능 API를 맡는다. v1.3(D-109): 승언에게 데이터·품질(통계 집계·부하 테스트·개인정보 자동 파기)과 S1 신청·확인 업무를 넘겨 체감 비율 약 39 : 28 : 33.

Sheet 08_결정로그
A1: 결정 ID | B1: 관련 요구사항 | C1: 항목 | D1: 검토한 선택지 | E1: 최종 결정 | F1: 근거 | G1: 결정일 | H1: 상태 | I1: 비고
A2: D-01 | B2: SFR-011 | C2: 진료가능 태그 목록 | D2: A. E-GEN 태그 사용 / B. 자체 재정의 | E2: A. E-GEN 태그 그대로 사용 | F2: 공공데이터와 매핑 불일치 방지 | G2: 2026-09-26 | H2: 확정
A3: D-02 | B3: SFR-017 | C3: 소속 확인 방식 | D3: A. 코드+관리자 승인 / B. 이메일 도메인 / C. 실제 신분 인증 | E3: A. 소속 코드 입력 + 관리자 승인 | F3: 4개월 내 구현 가능, 시연 충분 | G3: 2026-09-26 | H3: 확정 | I3: C는 향후 과제 / v0.107: 공무원증 사진 확인 추가 (D-73)
A4: D-03 | B4: SFR-030 | C4: 병상 점수 계산 | D4: A. 단순 합산 / B. 증상별 가중치 / C. 필수 병상 게이트 | E4: C+B (1단계 게이트, 2단계 가중치) | F4: 필요 병상 없는 병원 이송 방지 | G4: 2026-09-26 | H4: 확정 | I4: C-02로 단계 구분 보완
A5: D-04 | B5: SFR-032 | C5: 고위험 판단 기준 | D5: A. KTAS 1~2 / B. KTAS 1~3 | E5: B. KTAS 1~3단계 전화 확인 필수 | F5: 안전 쪽으로 엄격, UX 비용 낮음 | G5: 2026-09-26 | H5: 번복 | I5: v0.98: D-36으로 번복 (KTAS 선택 입력, 전화 확인은 예비 흐름 전용)
A6: D-05 | B6: SFR-038 | C6: 도착 감지 반경 | D6: 30~50m / 50~100m | E6: 100m, 실측 후 조정 | F6: GPS 오차 5~50m 고려 | G6: 2026-09-26 | H6: 번복 | I6: v0.107: 30m + 버튼 방식으로 변경 (D-68)
A7: D-06 | B7: SFR-041 | C7: 위치정보 고지 | D7: 서버 저장 / 세션 종료 시 삭제 | E7: 원본 기록 종료 시 삭제 + 동의화면 고지 | F7: 위치정보 개인정보 보호 | G7: 2026-09-26 | H7: 확정 | I7: C-01로 보완
A8: D-07 | B8: SFR-047~049 | C8: 자체 지도 구현 여부 | D8: A. TMAP/카카오 SDK / B. 자체 지도+ITS | E8: A. 외부 SDK 사용(v0.99: 카카오, D-26), ITS 전체 제외 | F8: 일정 내 불가, 외부 길찾기에 교통정보 반영됨 | G8: 2026-09-26 | H8: 확정 | I8: v0.99 제공사 카카오로 변경
A9: D-08 | B9: SFR-052 | C9: 재난 지역 지정 단위 | D9: A. 좌표+반경 / B. 행정구역 | E9: A. 중심좌표 + 반경 (D-24로 3·5·10km 선택) | F9: 구현 단순, 시연 충분 | G9: 2026-09-26 | H9: 번복 | I9: v0.98: 재난 기능 삭제(D-34)
A10: D-09 | B10: SFR-052, 082 | C10: 재난 지역 등록 권한 | D10: A. 팀 관리자 계정 / B. 소방청 권한 체계 | E10: A. 팀 자체 관리자 계정 | F10: 외부 기관 연동 불필요 | G10: 2026-09-26 | H10: 번복 | I10: v0.98: 재난 기능 삭제(D-34)
A11: D-10 | B11: SFR-050 | C11: 완전 제외 vs 후순위 | D11: A. 완전 제외 / B. 후순위 / C. 후순위+경고 라벨 | E11: C. 경고 라벨 + 별도 영역 표시 | F11: 정상 운영 병원 누락 방지 + 사용자 판단 근거 제공 | G11: 2026-09-26 | H11: 번복 | I11: v0.98: 재난 기능 삭제(D-34)
A12: D-11 | B12: SFR-054 | C12: 자동 감지 도입 시점 | D12: A. 이번 범위 포함 / B. 제외 | E12: B. 이번 범위 제외, 수동 등록만 | F12: 수동 등록으로 시연 가능 | G12: 2026-09-26 | H12: 번복 | I12: v0.98: 재난 기능 삭제(D-34)
A13: D-12 | B13: SFR-059 | C13: 캐시 유효기간 | D13: 5~10분 / 30분~1시간 | E13: 10분 + stale fallback (C-12) | F13: 병상 정보 실시간성 중요 | G13: 2026-09-26 | H13: 확정 | I13: C-03로 보완, v0.96: 10분으로 확정(C-12)
A14: D-13 | B14: SFR-059 | C14: 캐시 저장 범위 | D14: 최근 1건 / 지역별 N건 | E14: 시·군·구별 최근 10건 (C-13) | F14: 위치 변경 잦은 앱 특성 | G14: 2026-09-26 | H14: 확정
A15: D-14 | B15: SFR-059 | C15: 로컬 저장소 | D15: AsyncStorage / SQLite | E15: AsyncStorage | F15: 소용량 데이터에 충분 | G15: 2026-09-26 | H15: 확정 | I15: 설계 사항
A16: D-15 | B16: SFR-062 | C16: 오프라인 지도 처리 | D16: A. 빈 화면 / B. 지도 캐시 / C. 텍스트 리스트 | E16: C. 텍스트 리스트 자동 전환 | F16: 빠른 판단에 필요한 정보 유지 | G16: 2026-09-26 | H16: 확정 | I16: B는 여유 시 검토
A17: D-16 | B17: SFR-031, 035, 072 / COR-003 | C17: TMAP 연동 방식 | D17: A. TMAP SDK 앱 내장 / B. TMAP 앱 호출 | E17: A. TMAP SDK 앱 내장 | F17: 앱 전환 없이 즉시 안내, 미설치 문제 없음 | G17: 2026-09-26 | H17: 번복 | I17: v0.99: 제공사를 카카오로 변경(D-26), 앱 내장 방침은 유지
A18: D-17 | B18: SFR-005(v0.104 삭제), PER-003 | C18: 서버 수집 주기 | D18: 1분 / 3분 / 5분 | E18: 3분 | F18: 공공 API 갱신 주기·호출 한도 고려한 중간값 (PM 확정, 팀 재검토 가능) | G18: 2026-09-26 | H18: 확정 | I18: v0.93 확정 / v1.2: 서버 수집(PER-003)은 전국 17개 시·도 3분 주기 (D-104)
A19: D-18 | B19: SFR-012 | C19: 검색 반경 기본값 | D19: 10km / 20km / 50km | E19: 20km (v0.98: 카드 영역에서 10·20·30·40km 변경) | F19: 10km는 농어촌 지역 병원 누락 위험, 50km는 이동시간 의미 저하 (PM 확정, 팀 재검토 가능) | G19: 2026-09-26 | H19: 확정 | I19: v0.93 확정 / v0.98 반경 선택지·위치 변경(D-28)
A20: D-19 | B20: SFR-072 | C20: 이동시간 산출 대상 수 | D20: 5곳 / 10곳 / 전체 | E20: 10곳 | F20: 길찾기 호출 한도·응답시간(PER-001) 균형점 (PM 확정, 팀 재검토 가능) / v0.103: 다중 목적지 한 번에 산출은 요청용(SFR-129)에만, 예비 추천은 10곳 | G20: 2026-09-26 | H20: 확정 | I20: v0.93 확정
A21: D-20 | B21: 전체 | C21: 요구사항 ID 체계 | D21: A. 공공 SW 분류(SFR/PER/…) / B. FR-01·NFR-01 | E21: A. 공공 SW 분류 유지 | F21: 비기능·데이터·인터페이스까지 일관된 체계, 표준 형식 | G21: 2026-09-26 | H21: 확정 | I21: v0.92 신규 / 01_개요 1.7에 근거 명시
A22: C-01 | B22: SFR-037, 039, 041, 042 | C22: [충돌] 위치 즉시 삭제 vs 소요시간 저장 | D22: - | E22: 원본 기록만 삭제, 소요시간 요약은 익명 보관 | F22: 두 요구사항 양립 | G22: 2026-09-26 | H22: 확정 | I22: 팀 동의 확인 필요
A23: C-02 | B23: SFR-025, 026, 030 | C23: [충돌] 1단계 정렬 기준 | D23: - | E23: 1단계 = 게이트 → 이동시간순, 가중치는 2단계 | F23: 단계 구분 명확화 | G23: 2026-09-26 | H23: 확정
A24: C-03 | B24: SFR-059, 061 | C24: [충돌] 캐시 유효기간 vs 오프라인 표시 | D24: - | E24: 최신 판정 기준(v0.96: 10분, C-12)이 지난 캐시도 오프라인 시 표시 | F24: 빈 화면 방지 | G24: 2026-09-26 | H24: 확정
A25: C-04 | B25: SFR-027, 050 | C25: [충돌] 재난 후순위 vs 상위 5개 표시 | D25: - | E25: 재난 병원은 상위 5개 산정에서 빼고 별도 영역에 라벨과 함께 표시 | F25: 하단 배치 시 사실상 완전 제외가 됨 | G25: 2026-09-26 | H25: 번복 | I25: v0.98: 재난 기능 삭제(D-34)
A26: C-05 | B26: SFR-001, 027 | C26: [모호] 목록 범위 불일치 | D26: - | E26: 지도 = 반경 내 전체 / 추천 카드 = 상위 5개 | F26: 목록이 몇 개인지 해석이 갈림 | G26: 2026-09-26 | H26: 확정
A27: C-06 | B27: SFR-032, 034 | C27: [위험] 병원 미응답 시 출발 불가 | D27: - | E27: '연결 실패'·'확인 생략' 선택 시 사유 기록 후 경로 안내 허용 | F27: 응급 상황에서 출발이 막히면 안 됨 | G27: 2026-09-26 | H27: 확정
A28: C-07 | B28: SFR-031, 035 | C28: [충돌] 앱 전환 없음 vs 내비 앱 미설치 | D28: - | E28: SDK 내장(D-16 → v0.99 D-26 카카오)으로 확정, 035를 '경로 안내 실패 시 대체'(카카오내비 앱 호출)로 변경 | F28: SDK 내장 시 설치 여부 무관 | G28: 2026-09-26 | H28: 확정 | I28: v0.103 문구 수정
A29: C-08 | B29: SFR-060, 026 | C29: [충돌] 캐시 적합도 점수 vs 2단계 기능 | D29: - | E29: 1단계 캐시는 예상 이동시간 저장, 점수는 2단계부터 | F29: 1단계에는 점수가 없음 | G29: 2026-09-26 | H29: 확정
A30: C-09 | B30: SFR-008, 059, 064, 081 | C30: [불일치] 데이터 상태 문구 4종 | D30: - | E30: SFR-081 문구표로 통일 | F30: 같은 상황에 다른 문구가 나오면 혼란 | G30: 2026-09-26 | H30: 확정 | I30: v0.104: SFR-028은 008로 통합
A31: C-10 | B31: SFR-015, 065 | C31: [중복] 기준 시각 표시 | D31: - | E31: SFR-015로 통합, 065 삭제 처리 (v0.104: 015도 SFR-081로 통합) | F31: 중복 요구사항 | G31: 2026-09-26 | H31: 확정 | I31: v0.104
A32: C-11 | B32: SFR-043 / DAR-004 | C32: [누락] 거절 기록의 개인정보 기준 | D32: - | E32: 거절·전화 결과 기록은 대원 계정과 연결하지 않고 익명 보관 | F32: 소요시간(C-01)과 같은 기준 적용 | G32: 2026-09-26 | H32: 확정 | I32: v0.92 신규
A33: D-21 | B33: DAR-001, 002 | C33: 매핑표 작성 방식 | D33: A. 팀 자체 작성 / B. PM 초안 → 구급대원 인터뷰 검증 / C. 의료진 자문 | E33: B. PM 초안 작성 → v0.102에 PM이 확정 (인터뷰 검증 생략) | F33: 빈 질문보다 초안을 보여주고 고치는 편이 빠름 | G33: 2026-09-26 | H33: 확정 | I33: v0.96 / 초안: 10_부록 B·C / v0.102: PM 초안으로 확정, 의료 검증은 향후
A34: D-22 | B34: QUR-004, COR-006 | C34: 지원 OS | D34: A. Android만 / B. Android + iOS | E34: A. Android 10 이상, iOS는 향후 과제 → v0.111 번복(D-97) | F34: 백그라운드 위치·내비 SDK 연동을 두 번 할 여유 없음, iOS는 Mac·개발자 계정 필요 | G34: 2026-09-26 | H34: 번복 | I34: v0.96
A35: D-23 | B35: SFR-100, 101, 090 / QUR-008 | C35: 관리자 알림 수단 | D35: A. 관리자 웹 알림 목록 / B. 이메일 / C. 팀 메신저 웹훅 / D. 푸시 | E35: A(Should) + C(Could), 대상: 수집 3회 연속 실패·호출 한도 초과·가입 신청, 같은 종류 30분 1회 | F35: DB 기록으로 검증 가능 + 팀 즉시 인지 | G35: 2026-09-26 | H35: 확정 | I35: v0.96 / 메신저는 팀 사용 채널(디스코드 기준) / v0.104: C안 메신저(SFR-101) 삭제, A안만 유지
A36: D-24 | B36: SFR-052, 085 | C36: 재난 반경 수정 허용 | D36: A. 5km 고정 / B. 3·5·10km 선택 / C. 자유 입력 | E36: B. 3·5·10km 선택, 기본 5km | F36: 재난 규모 차이 반영, 입력 실수 방지 | G36: 2026-09-26 | H36: 번복 | I36: v0.98: 재난 기능 삭제(D-34)
A37: D-25 | B37: SFR-096 / D-17 | C37: 갱신 주기 사용자 변경 | D37: A. 3분 고정 / B. 1·3·5분 선택 | E37: A. 3분 고정, 설정 화면에서 제외 | F37: 서버 수집이 3분 주기라 더 짧게 해도 새 데이터 없음 | G37: 2026-09-26 | H37: 번복 | I37: v0.96 / v0.104: 앱 자동 갱신(SFR-005) 삭제로 해당 없음
A38: D-26 | B38: ASM-04, COR-003, INR-002, SFR-035 | C38: 지도·경로 안내 제공사와 대안 | D38: A. TMAP 유지 / B. 카카오 (내비 SDK + 길찾기 API) | E38: B. 카카오: 앱 안 안내는 카카오 내비 SDK, 이동시간은 서버 길찾기 API / S1 검증에서 SDK 불가 시 카카오내비 앱 호출로 자동 전환 | F38: 무료 사용량 공개(SDK 10만·자동차 길찾기 1만/일), 다중 목적지로 30곳 한 번에 산출, 대안도 같은 제공사 | G38: 2026-09-29 | H38: 확정 | I38: v0.99 / D-16 번복 / v0.102: 비상업 사용 권한 신청 필요 (ASM-04)
A39: D-27 | B39: SFR-116~122 / COR-008 | C39: 병원 쪽 화면 형태 | D39: A. 병원 앱 / B. 병원 웹 | E39: B. 병원 웹 (관리자 웹과 같은 Next.js 프로젝트, 권한으로 분리) | F39: 응급실은 PC 상시 사용, 설치 불필요, 관리자 웹과 코드 공유 | G39: 2026-09-29 | H39: 확정 | I39: v0.98 / 알람: '알림 켜기' 1회 → 반복 알림음·브라우저 알림·탭 제목
A40: D-28 | B40: SFR-109, 118, 012 | C40: 요청 전송 범위 | D40: A. 반경 안 전체 / B. 추천 상위 N곳 | E40: A. 반경 안 병원 전체에 동시 전송, 병원 화면에 우리 병원 진료가능 여부·병상 현황 함께 표시 | F40: 병원이 직접 판단, 누락 방지 | G40: 2026-09-29 | H40: 확정 | I40: v0.98 / v0.100: 대상은 연결·알림 켜짐 병원(D-43), 충돌하던 SFR-046 삭제 / v0.102: 반경 안 요청 대상 전부 유지 재확인 (PM)
A41: D-29 | B41: SFR-112, 124, 120 | C41: 병원 응답 제한 시간 | D41: 1분 / 2분 / 3분 | E41: 2분, 무응답·전부 거절 시 예비 흐름(추천 + 전화 확인) | F41: 골든타임 고려 | G41: 2026-09-29 | H41: 확정 | I41: v0.98 / 2분이 적정한지 구급대원 인터뷰로 확인 / v0.102: 2분 확정 (PM)
... A66: D-54 | B66: SFR-116, 117, 119, 123, 091, SER-011 | C66: 병원 계정 보안 | D66: ① 초기 비밀번호 강제 변경 ② 로그인 실패 잠금 적용 ③ 응답자 이름 기록 ④ 관리자 이력 Must 복귀 | E66: ①②③④ 전부: 첫 로그인 비밀번호 변경 강제, 병원 웹에도 5회 실패 10분 잠금, 근무 시작 때 담당자 이름 입력 → 승인·거절 응답자 기록, SFR-091 Must | F66: 정부 제안 시스템이라 누가 승인했는지·누가 계정을 만들었는지 추적 필요 | G66: 2026-09-29 | H66: 확정 | I66: v0.102 / v0.107: ① 비밀번호 강제 변경은 병원 비밀번호를 없애며 해제, ② 잠금은 라이선스 키 입력에 적용 (D-70)
A67: D-55 | B67: SFR-108, 109, 118, DAR-010, SER-012 | C67: 환자 정보 병원 전송의 법적 근거 | D67: 개인정보보호법 민감정보(제23조) / 응급의료법 제48조의2 / 119법 | E67: 법적 근거 확인 완료 | F67: 법적으로 문제 없음 (PM 확인) | H67: 확정 | I67: v0.100 / v0.110: PM 확인 결과 반영, 열람 차단(SER-014)·열람 기록(SFR-137)·식별 정보 미수집(SER-012) 유지
A68: D-56 | B68: SER-014, SFR-125 | C68: 환자 정보 전송 최소화 | D68: A. 주 증상 입력란 이름·연락처 경고 / B. 선택 안 된 병원 열람 차단 / C. 첫 요청은 최소 항목만 | E68: B. 요청이 닫힌 병원은 환자 평가 정보 열람 불가 (화면·API 모두) | F68: 환자를 받지 않는 병원에 정보가 남지 않게 | G68: 2026-09-29 | H68: 확정 | I68: v0.101 / A·C는 채택 안 함
A69: D-57 | B69: ASM-10 | C69: 구급대원 단말 | D69: ① 개인 폰 ② 업무용 단말만 ③ 둘 다 지원, 허용은 운영 기관이 결정 | E69: ③ 둘 다 지원, 허용 여부는 소방청이 결정 | F69: 같은 앱(Android·iOS)으로 모두 동작, 허용은 정부 보안 정책의 문제 | G69: 2026-09-29 | H69: 번복 | I69: v0.102 / v1.4.1: D-124로 번복 (개인 폰만)
A70: D-58 | B70: ASM-08 | C70: 병원 웹 사용 기기 | D70: ① PC만 ② 태블릿·폰(반응형) 지원 | E70: ① PC만 | F70: 응급실 PC 상시 사용 가정, 반응형은 나중에 Should로 추가 가능 | G70: 2026-09-29 | H70: 확정 | I70: v0.102
A71: D-59 | B71: ASM-05, PER-003 | C71: 공공 데이터 수집 범위 | D71: ① 수집 대상 지역 1곳 ② 전국 (운영계정 신청) | E71: ① 수집 대상 지역(시·도) 1곳, 3분 주기 약 480회/일 (시연 환경은 고정 데이터, COR-010) | F71: 개발계정 한도 안에서 운영, 전국은 운영계정 신청 후 | G71: 2026-09-29 | H71: 번복 | I71: v0.102 / 개발계정 한도 숫자는 공공데이터포털에서 확인 / v1.2: 번복 → 전국 17개 시·도 (D-104)
A72: D-60 | B72: SFR-102, COR-004, COR-010, ASM-09 | C72: 모의 모드 | D72: ① 앱 기능으로 Must 유지 ② 삭제하고 시연 환경 구성으로 대체 ③ 모의 병원 자동 응답만 Should | E72: ② 삭제: 시연 서버 고정 데이터, 에뮬레이터·모의 위치, 가짜 병원 계정으로 팀원이 직접 응답, 가상 환자 데이터 | F72: 시연 외에는 쓸 데 없는 기능, 직접 조작하는 시연이 더 설득력 있음 | G72: 2026-09-29 | H72: 확정 | I72: v0.103 / D-52 번복
A73: D-61 | B73: SFR-113, 018, 019, 107 | C73: 팀 규칙·근무 시작 | D73: 팀 인원·운전 역할 수·'혼자 출동' 허용 여부 | E73: 팀 = 구급차 1대(최대 4명), 운전 1명만, 2대 출동이면 팀 2개·환자 2명, 로그인 후 팀이 없으면 근무 시작(팀) 화면, '혼자 출동' 없음(참여자 0명이어도 진행 가능), 팀 맺기 Must·S2 | F73: 구급차는 최소 2명(운전·처치)이라 혼자 출동이 없음 | G73: 2026-09-29 | H73: 확정 | I73: v0.103
A74: D-62 | B74: SFR-004·005·013·014·015·016·020·026·028·039·045·062·067·093·094·095·101·106·019 | C74: 불필요 요구사항 정리 | D74: ① 삭제 ② 향후(Won't) ③ 우선순위 조정 ④ 유지 | E74: 삭제 11건(004·005·013·014·015·016·020·028·067·093·101, 015→081·028→008·067→064 통합), 026·045 Won't, 094·095·062 Could, 039 Should, 106 병원 응답 통계로 변경, 019 Should로 상향 | F74: 새 흐름에서 예비 목록은 짧게 보고 전화하는 화면, 중복·부가 기능 정리 | G74: 2026-09-29 | H74: 확정 | I74: v0.104
A75: D-63 | B75: SFR-092, 133~142, DAR-011, QUR-011 | C75: 추가 요구사항 | D75: 추천 12건 중 선택 | E75: 11건 채택(구급대원 계정 정지 제외): 진행 중 이송 복구·선택 시 승인 재확인·병원 웹 요청 목록·알림 권한(앱·병원 웹)·환자 정보 열람 기록·병원 비밀번호 초기화(Must), 잠시 요청 중지·승인 메모·병원에서 구급대 연락(Should), 앱 최소 버전 확인(Could), 앱 오류 자동 수집(QUR-011) | F75: 실제 운영 시 흐름이 멈추거나 누락되는 지점 보완 | G75: 2026-09-29 | H75: 확정 | I75: v0.105 / v0.107: SFR-138·141 삭제(D-70, D-65), 대원 계정 정지는 SFR-151로 추가(D-75)
A76: D-64 | B76: SFR-113, 143 | C76: 팀 만들기 방식 (9/30 회의 1) | D76: 1-A 목록 범위 ① 전체 ② 근무 중만 ③ 근무 중 먼저 + 검색 / 1-B 동명이인 ① 이름·계급·안전센터 ② ①+사번 4자리 ③ 사진 / 1-C ① 바로 팀 ② 초대 수락 / 1-D 코드·QR ① 삭제 ② 예비 | E76: 1-A ③, 1-B ①+②, 1-C ②, 1-D ② + 나만 보는 팀원 메모(Could) | F76: 평소엔 짧은 목록으로 빠르게, 명단 노출 최소, 잘못 선택 방지, 목록에 없는 지원 출동 대비 | G76: 2026-09-30 | H76: 확정 | I76: v0.107 / 별명은 동명이인 구분 규칙과 헷갈려 제외
A77: D-65 | B77: SFR-140, 141 | C77: 병원 웹 구급대 메시지 (9/30 회의 2) | D77: ① SFR-141 구급대 연락만 삭제 ② SFR-140 승인 메모 삭제 ③ 둘 다 | E77: ① 구급대 연락(SFR-141) 삭제, 승인 메모 유지 | F77: 통화로 흐름이 느려지고 번호 노출 위험, 짧은 메모는 도착에 도움 | G77: 2026-09-30 | H77: 확정 | I77: v0.107 / 팀 확인 필요
A78: D-66 | B78: SFR-043, 044, 106 | C78: 거절 데이터 악용 방지 (9/30 회의 3) | D78: ① 병원 직접 거절만 통계 ② 대원 전화 거절도 조건부 ③ 기록 안 함 | E78: ① + 공개 제한: 통계는 관리자만, 요청 10건 미만 병원은 '표본 부족', 대원 전화 거절은 이송 건 기록에만 | F78: 병원 본인 응답만 쌓여 허위 기록 여지 0 | G78: 2026-09-30 | H78: 확정 | I78: v0.107
A79: D-67 | B79: SFR-119, 110, 044 | C79: 병원 거절 사유 (9/30 회의 4) | D79: 4-A ① 4개 유지 ② 6개 세분화 ③ 자유 입력 / 4-B ① 대원에게 보여줌 ② 숨김 | E79: 4-A ② 6개(응급실 병상 없음·중환자실/수술실 없음·해당 전문의 부재·장비 문제·환자 과밀·기타 20자), 사유 필수 / 4-B ① 보여줌 | F79: 다음 병원 판단에 바로 쓰임, 통계 가능 | G79: 2026-09-30 | H79: 확정 | I79: v0.107 / 팀 확인 필요
... A145: D-126 | B145: SFR-168, 146 | C145: 라이선스 만료 배너 표시 규칙 | D145: ① 30·7·1일 당일만 ② 30일 전부터 매번 + 단계별 강조 | E145: ② 30일 전부터 근무 시작마다, 7일 이하 빨간색, 1일 이하 닫기 불가 | F145: '전부터' 해석이 갈림, 만료 직전에 놓치는 것 방지 | G145: 2026-10-27 | H145: 확정 | I145: v1.4.2 / CR-006

Sheet 09_변경요청(CR)
A1: CR ID | B1: 요청일 | C1: 요청자 | D1: 대상 요구사항 ID | E1: 변경 내용 | F1: 사유 | G1: 영향 범위 (화면/API/일정) | H1: 결정 | I1: 결정일 | J1: 반영 버전
A2: CR-000 (예시) | B2: 2026-10-05 | C2: 진아 | D2: SFR-012 | E2: 검색 반경 기본값을 20km에서 30km로 변경 | F2: 농어촌 시연 지역에서 후보가 부족함 | G2: 환자 입력·응답 화면, 요청 대상 산출 | H2: 승인 | I2: 2026-10-06 | J2: v1.1
A3: CR-001 | B3: 2026-10-10 | C3: 백강욱 | D3: SFR-041, 092 (관련 009) | E3: 위치정보 동의를 필수로 변경. 동의·권한 거부 시 안내와 다시 동의(설정 이동)만 보여주고 기능을 막음. 주소 입력은 GPS로 위치를 못 가져올 때만 사용 | F3: 위치는 이송 요청·도착 예상 시간 계산의 핵심이라 위치 없이 사용하는 흐름이 불필요. 동의 거부 분기(외부 내비·수동 도착 전용 흐름)를 없애 개발량 감소 | G3: 앱 첫 실행·권한 화면(S-01), 동의 거부 화면 1개 변경 / API 변경 없음 / 일정 영향 없음(분기 삭제로 감소) | H3: 승인 | I3: 2026-10-10 | J3: v1.1
A4: CR-002 | B4: 2026-10-12 | C4: 백강욱 | D4: ASM-05, PER-003, 005, SFR-023, 090, 098, 121, 129, INR-002, QUR-009 / 신규 PER-007, 008, QUR-012, COR-016, ASM-12 | E4: 운영 범위를 시·도 1곳·동시 50명에서 전국으로 확대. 병상 수집 전국 17개 시·도(3분), 호출 한도 감시 복원(SFR-090), 앱 서버 2대 + 로드밸런서 + 공유 저장소, 성능 목표 재산정(동시 연결 5,000 · 동시 이송 300 · 위치 초당 60), 서버 1대 장애 대응, 길찾기 호출 절감(10km 밖 추정값·이동 중 내비 값) | F4: 응급 이송은 시·도 경계를 넘나들어 1곳 수집으로는 가까운 병원 정보가 빠지고, 실제 서비스 규모(전국 병원 PC·구급대원)를 전제로 설계해야 함. 서버 1대 구성은 1대 장애가 전국 중단으로 이어짐 | G4: 화면: 관리자 알림(호출 80%·시·도별 수집 실패) 추가, 병원 웹·대원 앱 기준 시각 시·도별 / API: 변경 없음 / 서버: 작업 큐·공유 저장소·로드밸런서 추가 / 일정: S1 인프라 작업 증가, S8 부하·장애 테스트 범위 확대 | H4: 승인 | I4: 2026-10-12 | J4: v1.2
A5: CR-003 | B5: 2026-10-12 | C5: 백강욱 | D5: SER-016, SFR-160·124·127·161, SFR-121, INR-002, SFR-090, 089, 025(삭제), 024, 081, 064, 074, 077(횟수), , 112, 128, 131, QUR-001, PER-001·005, 부록 A-2 | E5: v1.2 검증 결과 반영: 정지 계정 즉시 차단, 시간 판정 DB 시각 통일, 서버 장애 뒤 전달 실패 병원 재전송, 이동 중 도착 시간 SDK 전용(외부 내비 분기 삭제), SFR-090 단계 분리, 옛 문구 정리, 중복 4묶음 정리(025 삭제 포함), '다시 요청'은 목적지 변경 횟수 제외 | F5: 개발 중 서버 2대 환경에서 생길 오류를 요구사항 단계에서 막고, 같은 규칙이 여러 곳에 있어 한쪽만 고쳐지는 문제를 줄임 | G5: 화면: 변경 거의 없음(오프라인 문구 위치만 정리) / API: 변경 없음 / 서버: 요청마다 계정 상태 확인, DB 시각 사용, 재연결 재전송 / 일정: 영향 없음(기능 1건 삭제로 감소) | H5: 승인 | I5: 2026-10-12 | J5: v1.3
A6: CR-004 | B6: 2026-10-25 | C6: 백강욱 (교수님·구급대원 피드백) | D6: SFR-018·070·113·150·096, SFR-041·039·144, SFR-117, SFR-044·106·119·126·128·158, SFR-100, SFR-098·109·131, 신규 SFR-162~168, SER-002·007·011·016·017, DAR-014·015, INR-001·005·006, QUR-013·014, COR-008·009·014·016 | E6: ① 자동 로그인·앱 잠금 삭제(근무 단위 로그인) ② 구급활동일지 초안·내보내기·음성·AI ③ 위치 기록 익명 경로 축적 ④ 병원 웹 덮개 알림 창 ⑤ 거절 사유 일지 분류·전부 축적 ⑥ 라이선스 만료 30·7·1일 ⑦ 관리자 독립 서버 ⑧ 병원 등급 선택 ⑨ 기능 토글·일 단위 정합성 점검 | F6: 10/25 교수님 피드백 10건 + 구급대원 피드백 2건 (D-110~123) | G6: 화면: 앱 S-13 구급활동일지 신설, 입력 화면 등급 버튼·마이크, 병원 웹 덮개 알림·만료 배너 / API: 일지 초안·AI 정리·등급 조건 / 인프라: 관리자 서버 1대 / 일정: 8주 안 (PM 확인) | H6: 승인 | I6: 2026-10-25 | J6: v1.4
A7: CR-005 | B7: 2026-10-26 | C7: 백강욱 (v1.4 점검) | D7: SER-012·007, SFR-037·086·146·077·128·164·041·079, DAR-013·015, ASM-10, INR-005, 02 용어 3개, 한눈에 보기 | E7: v1.4 점검 반영: ① 일지 단말 입력란 SER-012 예외 ② 위치 즉시 삭제 문구 → 익명화 ③ 종료(도착·취소) 후 10분 연결 기억 ④ 이송 중 14시간 경과 처리 ⑤ 개인 폰만(D-124) ⑥ 만료 배너 SFR-168로 일원화 ⑦ 용어에 병원 등급 ⑧ 다시 요청·목적지 변경 시 등급 유지 ⑨ 일지 거리 빈칸·위치 없으면 익명 경로 안 만듦 ⑩ 거절 사유 7개 표기, 음성 온디바이스 우선, 외부 내비 옛 문구 삭제 | F7: v1.4 변경과 기존 요구사항의 충돌·불일치 정리 | G7: 화면: 일지 거리 입력 가능 / API·DB: 변경 없음 / 일정: 영향 없음 | H7: 승인 | I7: 2026-10-26 | J7: v1.4.1
A8: CR-006 | B8: 2026-10-27 | C8: 백강욱 | D8: SFR-167·092·168·146·113, INR-002, SER-011·016, DAR-014, COR-004·007·008·009·012·013·014, 00_표지 사용 규칙 8 | E8: ① AI 일지 정리(SFR-167) Should → Could ② iOS 무음 모드 안내를 SFR-092에 명시(SFR-130 참조와 맞춤) ③ 만료 배너 규칙 명확화: 30일 전부터 근무 시작마다, 7일 이하 빨간색, 1일 이하 닫기 불가 / SFR-146의 배너 시나리오 삭제 ④ 카카오 내비 SDK 사용 승인 완료 기록(INR-002) ⑤ 정리: 삭제된 SFR-150 참조 제거(SER-011·016), SFR-113 14시간 근거를 SER-007로, DAR-014 확정(3년), 남은 제약사항 '초안' 7건 확정, ID 칸 파란색 규칙 삭제(사용 규칙 8·조건부 서식) | F8: 일정 여유 확보, 참조 불일치·해석이 갈리는 문구 정리, 외부 승인 완료, 베이스라인 이후 남은 '초안' 상태 정리 | G8: 화면: 병원 웹 만료 배너 색·닫기 버튼, 앱 iOS 알림 권한 안내 1줄 / API·DB: 변경 없음 / 일정: 감소(SFR-167 Could) | H8: 승인 | I8: 2026-10-27 | J8: v1.4.2

Sheet 10_부록
A1: A. 이송 건 상태 전이표 (SFR-086, C-14)
A2: 이 표에 없는 상태 변경은 허용하지 않는다. 종료 상태(도착·취소)가 되면 원본 위치 기록을 익명 이송 경로로 바꾸고(SFR-041) 팀 연결을 끊는다(기록 보관: DAR-013). 모든 상태 변경은 서버가 이송 건 버전 번호로 먼저 온 것만 반영한다(SFR-160).
A3: 현재 상태 | B3: 사건 | C3: 다음 상태 | D3: 기록하는 것 | E3: 관련 요구사항
A4: (없음) | B4: '병원에 요청' (필수 항목 입력 완료, 요청 대상 1곳 이상, 온라인) | C4: 요청 중 | D4: 생성 시각, 요청 병원 목록, 추정 도착 시간 | E4: SFR-109, 129
A5: (없음) | B5: '병원에 요청' + 요청 대상 0곳 또는 통신 두절 | C5: 예비 추천 | D5: 생성 시각, 사유 | E5: SFR-109
A6: 요청 중 | B6: 병원 승인 또는 거절 도착 | C6: 요청 중 (대원 화면 갱신, 첫 승인은 알림) | D6: 병원별 응답·응답 시간 | E6: SFR-110, 126, 130
A7: 요청 중 | B7: 대원이 승인 병원 1곳 선택 | C7: 이동 중 | D7: 선택 병원, 출발 시각 / 나머지 병원에 '다른 병원으로 이송' | E7: SFR-111, 125
A8: 요청 중 | B8: 2분 동안 승인 없음 · 전부 거절 · '기다리지 않고 예비로' | C8: 예비 추천 | D8: 전환 시각, 사유 | E8: SFR-112, 124
A9: 요청 중 | B9: 요청 후 5분 동안 병원 선택 없음 | C9: 예비 추천 (승인 자동 해제) | D9: 해제 시각 | E9: SFR-127
A10: 요청 중 | B10: 승인 병원이 '승인 취소' | C10: 요청 중 (해당 병원 '승인 취소' 표시) / 유효 승인 0곳·대기 병원 0곳이 되면 예비 추천 | D10: 취소 시각·사유 | E10: SFR-128, 112
A11: 요청 중 · 이동 중 | B11: 환자 정보 수정 | C11: 유지 | D11: 변경 전후 값·시각 → 병원 웹 강조 표시 | E11: SFR-105
A12: 예비 추천 | B12: '반경 넓혀 다시 요청' | C12: 요청 중 | D12: 넓힌 반경, 추가 병원 목록 | E12: SFR-131
A13: 예비 추천 | B13: 추천 병원 '경로 안내' 요청 | C13: 전화 확인 | D13: 대상 병원 | E13: SFR-032
A14: 전화 확인 | B14: '수용 확정' 선택 | C14: 이동 중 | D14: 결과·시각, 출발 시각(없을 때만) | E14: SFR-034, 036
... A30: 모든 상태 | B30: 전화 확인 결과·거절·도착이 통신 두절 중에 발생 (승인 병원 선택·이송 취소·목적지 변경·이송 요청은 보관하지 않음) | C30: 위와 같음 | D30: 단말에 보관 후 복구 시 순서대로 전송(충돌은 SFR-160으로 판정) | E30: SFR-099, 160
A33: A-2. 병원 요청 상태 전이표 (SFR-086·109·124·125·127·128·161, SER-014)
A34: 병원 요청 = 요청 회차 하나에서 병원 한 곳에 보낸 요청. 같은 이송 건 안에서 다시 요청하면 새 회차의 새 병원 요청이 생긴다. '닫힘·만료·전달 실패·거절' 요청은 환자 평가 정보를 볼 수 없고(SER-014), 확정 병원은 도착 처리 후 1시간(초안)까지 볼 수 있다.
A35: 현재 상태 | B35: 사건 | C35: 다음 상태 | D35: 병원 웹 표시 | E35: 관련 요구사항
A36: (없음) | B36: 요청 회차 전송 | C36: 대기 | D36: 새 요청 · 남은 시간 2:00 | E36: SFR-109
A37: 대기 | B37: 5초 안에 '받았음' 없음 | C37: 전달 실패 (닫힘, 재전송 없음 — 단 2분 안에 재연결되면 다시 '대기', SFR-161) | D37: - | E37: SFR-161
A38: 대기 | B38: 담당자 '승인' | C38: 승인 | D38: 승인함 · 응답자 | E38: SFR-119
A39: 대기 | B39: 담당자 '거절'(사유 필수) | C39: 거절 | D39: 거절함 · 사유 | E39: SFR-119
A40: 대기 | B40: 병원 '잠시 요청 중지' | C40: 거절 (사유 '요청 중지', 통계 제외) | D40: 요청 중지로 거절 | E40: SFR-139
A41: 대기 | B41: 서버 시각 기준 2분 경과 | C41: 만료 | D41: 만료 · 버튼 비활성 | E41: SFR-124
A42: 대기 · 승인 | B42: 대원이 다른 병원 확정 | C42: 닫힘 (다른 병원으로 이송) | D42: 다른 병원으로 이송 | E42: SFR-125
A43: 대기 · 승인 | B43: '기다리지 않고 예비로' 또는 이송 취소 | C43: 닫힘 (요청 종료 · 취소됨) | D43: 요청 종료 / 이송 취소 | E43: SFR-112, 076
A44: 승인 | B44: 대원이 이 병원 확정 | C44: 확정 | D44: 확정 · 도착 예정 목록에 추가 | E44: SFR-111
A45: 승인 | B45: 서버 시각 기준 5분 경과(미선택) | C45: 닫힘 (요청 종료) | D45: 요청 종료 | E45: SFR-127
A46: 승인 · 확정 | B46: 병원 '승인 취소'(사유 필수) | C46: 닫힘 (승인 취소) | D46: 승인 취소함 | E46: SFR-128
... A49: 도착 | B49: 도착 후 10분 안 '수용 불가'(사유) | C49: 수용 불가 | D49: 수용 불가 · 사유 | E49: SFR-158
A52: B. 증상 선택지 → 진료가능 항목 매핑표 (DAR-002, D-21 확정)
A53: ※ PM 확정(v0.102) · 의료 검증 전. 항목 중 하나라도 '가능'이면 필터를 통과한다. 의료 자문을 받으면 변경요청(CR)으로 고친다.
A54: 코드 | B54: 증상 선택지 | C54: 연결 진료가능 항목 | D54: 비고 / 인터뷰 확인 질문
A55: S01 | B55: 가슴 통증 (심근경색 의심) | C55: [재관류중재술] 심근경색
A56: S02 | B56: 한쪽 마비·말 어눌함 (뇌경색 의심) | C56: [재관류중재술] 뇌경색
A57: S03 | B57: 갑작스러운 극심한 두통·의식 저하 (뇌출혈 의심) | C57: [뇌출혈수술] 거미막하출혈, [뇌출혈수술] 거미막하출혈 외
A58: S04 | B58: 찢어지는 듯한 가슴·등·복부 통증 (대동맥 질환 의심) | C58: [대동맥응급] 흉부, [대동맥응급] 복부
A59: S05 | B59: 심한 복통 (외상 없음) | C59: [복부응급수술] 비외상, [담낭담관질환] 담낭질환, [담낭담관질환] 담도포함질환 | D59: 세 항목을 모두 묶는 게 맞는지
A60: S06 | B60: 토혈·검은 변 (위장관 출혈 의심) | C60: [응급내시경] 성인 위장관 (소아: 영유아 위장관) | D60: 소아 선택 시 영유아 항목 사용 (SFR-103)
A61: S07 | B61: 기도 이물·이물 흡인 | C61: [응급내시경] 성인 기관지 (소아: 영유아 기관지) | D61: 소아 선택 시 영유아 항목 사용 (SFR-103)
A62: S08 | B62: 영유아 복통·구토 (장중첩 의심) | C62: [장중첩/폐색] 영유아
A63: S09 | B63: 분만 진통·임신 중 출혈 | C63: [산부인과응급] 분만, [산부인과응급] 산과수술
A64: S10 | B64: 중증 화상 | C64: [중증화상] 전문치료
A65: S11 | B65: 손·발가락·팔다리 절단 | C65: [사지접합] 수족지접합, [사지접합] 수족지접합 외
A66: S12 | B66: 투석이 필요한 응급 (신부전 환자) | C66: [응급투석] HD, [응급투석] CRRT
A67: S13 | B67: 정신과적 응급 (폐쇄병동 입원 필요) | C67: [정신과적응급] 폐쇄병동입원
A68: S14 | B68: 눈 외상·급성 시력 저하 | C68: [안과적응급] 응급
A69: S15 | B69: 중증 외상 (교통사고·추락 등) | C69: (공공 데이터 중증질환 항목 없음 → 필터 없이 병상 게이트만 적용) | D69: 외상센터 여부를 따로 표시해야 하는지
A70: S16 | B70: 기타·해당 없음 | C70: 응급실 (Emergency gate keeper)
A73: C. 진료가능 항목 → 필수 병상 매핑표 (DAR-001, D-21 확정)
A74: ※ PM 확정(v0.102) · 의료 검증 전. 'O' 표시한 병상이 모두 1개 이상이어야 게이트를 통과한다(SFR-030). 항목명은 공식 API 명세서로 최종 확인(ASM-07).
A75: 진료가능 항목 | B75: 응급실 | C75: 수술실 | D75: 중환자실 | E75: 초안 근거
A76: [재관류중재술] 심근경색 | B76: O | D76: O | E76: 시술 후 중환자 관리
A77: [재관류중재술] 뇌경색 | B77: O | D77: O | E77: 시술 후 중환자 관리
A78: [뇌출혈수술] 거미막하출혈 / 거미막하출혈 외 | B78: O | C78: O | D78: O | E78: 응급 수술 + 중환자 관리
A79: [대동맥응급] 흉부 / 복부 | B79: O | C79: O | D79: O | E79: 응급 수술 + 중환자 관리
A80: [담낭담관질환] 담낭질환 / 담도포함질환 | B80: O | C80: O | E80: 수술 가능성
A81: [복부응급수술] 비외상 | B81: O | C81: O | E81: 응급 수술
A82: [장중첩/폐색] 영유아 | B82: O | E82: 비수술 정복 가능, 수술 여부는 병원 판단
A83: [응급내시경] 성인·영유아 위장관 / 기관지 | B83: O | E83: 내시경실은 3종 병상 밖
A84: [산부인과응급] 분만 | B84: O | E84: 분만실은 3종 병상 밖
A85: [산부인과응급] 산과수술 | B85: O | C85: O | E85: 응급 수술
A86: [중증화상] 전문치료 | B86: O | D86: O | E86: 중환자 관리
A87: [사지접합] 수족지접합 / 수족지접합 외 | B87: O | C87: O | E87: 접합 수술
A88: [응급투석] HD | B88: O
A89: [응급투석] CRRT | B89: O | D89: O | E89: 지속 투석은 중환자실에서 시행
A90: [정신과적응급] 폐쇄병동입원 | B90: O | E90: 폐쇄병동은 3종 병상 밖
A91: [안과적응급] 응급 | B91: O | C91: O | E91: 응급 수술 가능성
A92: 응급실 (Emergency gate keeper) / 중증 외상(S15) | B92: O | E92: S15는 인터뷰에서 수술실·중환자실 필수 여부 확인
A93: (증상 선택지와 연결하지 않음) [저체중출생아] 집중치료, [산부인과응급] 부인과수술, [영상의학혈관중재] 성인·영유아 | B93: - | C93: - | D93: - | E93: 인터뷰에서 필요 여부 확인
A96: D. 공공 데이터 병상 필드 → 3종 병상 (INR-001)
A97: ※ 필드명은 공개 활용 코드 기준 초안. 공식 API 명세서로 최종 확인(ASM-07).
A98: 3종 병상 | B98: 사용하는 공공 데이터 필드 | C98: 비고
A99: 응급실 | B99: hvec (응급실 일반) | C99: 소아 전용(hv28)·격리(hv29, hv30)는 1단계에서 사용하지 않음
A100: 수술실 | B100: hvoc (수술실)
A101: 중환자실 | B101: hvicc (중환자실 일반) | C101: 진료과별 중환자실(hv2, hv3, hv6, hv34 등)은 2단계 가중치에서 검토
A104: E. 이상 수치 강조 기준 (SFR-118, D-38 확정)
A105: ※ PM 확정(v0.102) · 의료 검증 전. 성인 기준이며, 나이대가 1세 미만 또는 1~14세(소아)이면 강조하지 않고 값만 표시한다(소아 기준은 향후 추가). 앱은 위급도를 판정하지 않는다.
A106: 항목 | B106: 빨간색 강조 조건 | C106: 비고 / 인터뷰 확인 질문
A107: 의식 수준 | B107: '통증에 반응' 또는 '무반응'
A108: 수축기 혈압 | B108: 90 미만 또는 180 이상 (mmHg)
A109: 맥박 | B109: 50 미만 또는 120 초과 (회/분)
A110: 호흡수 | B110: 10 미만 또는 30 초과 (회/분)
A111: 산소포화도 | B111: 90% 미만
A112: 체온 (선택) | B112: 35.0℃ 미만 또는 39.0℃ 이상
A113: 혈당 (선택) | B113: 70 미만 또는 300 이상 (mg/dL) | C113: 현장에서 혈당을 자주 재는지
A114: 통증 정도 | B114: 8 이상 | C114: 통증을 강조 대상에 넣는 게 맞는지
A116: F. 병원 등급 ↔ 응급의료기관 종별 (SFR-162, INR-001)
A117: ※ 종별 이름은 공식 API 명세서로 최종 확인. 체계가 바뀌면 이 표만 고친다. 종별이 비어 있는 병원은 일반 병원으로 취급.
A118: 병원 등급 (앱 표시) | B118: 응급의료기관 종별 | C118: 고르면 요청이 가는 곳 | D118: 비고
A119: 대학병원급 | B119: 권역응급의료센터 | C119: 대학병원급만 | D119: 최중증
A120: 종합병원급 | B120: 지역응급의료센터 | C120: 종합병원급 + 대학병원급
A121: 일반 병원 | B121: 지역응급의료기관 (그 밖·미표시 포함) | C121: 전체
A122: (선택 안 함) | B122: - | C122: 전체 | D122: 기본값
A124: G. 구급활동일지 항목 ↔ 앱 데이터 (SFR-164)
A125: ※ 기준 양식: 119구조·구급에 관한 법률 시행규칙 별지 제5호서식(2016.1.27. 개정본). 현장에서 쓰는 최신 양식(Pre-KTAS 반영 여부)은 구급대원 확인 필요.
A126: 일지 항목 | B126: 앱 데이터 | C126: 채우는 방식 | D126: 관련 요구사항
A127: 소방서·안전센터 | B127: 대원 계정 소속 | C127: 자동 | D127: SFR-017
A128: 구급대원 성명·계급 | B128: 팀원 계정 | C128: 자동 | D128: SFR-113
A129: 신고일시·출동시각·현장 도착 | B129: (앱에 없음) | C129: 직접 입력 | D129: -
...
